0,1,2,3,4,5,6,7,8,9,10,11,12,13,14,15,16,17,18,19,20,21,
#,Does your business currently accept bitcoin?,Would you like to update or review the information in your listing?,Business Name: {{hidden_name}},Website: {{hidden_website}},Phone number: {{hidden_phone}},Street Address: {{hidden_address}},City: {{hidden_admin3name}},Primary Email: {{hidden_contact1email}},Any questions or other updates to make?,name,website,phone,address,admin3name,contact1email,listingurl,bitcoin,id,Start Date (UTC),Submit Date (UTC),Network ID,
505410c74421597d22741c07f2a546ab,1,0,,,,,,,,ZENTHREE,http://www.zenthree.com/,619-929-0443,330 A St Ste 159,San Diego,info@zenthree.com,https://airbitz.co/biz/3372?v=checkin,yes,3372,9/3/2015 4:04:08,9/3/2015 4:04:59,b54b33a03a,
225afa18c1411f0062ac5f33a382de35,1,0,,,,,,,,Veldt Gold,http://veldtgold.com/,877-576-7342,5002 Santa Fe St,San Diego,info@veldtgold.com,https://airbitz.co/biz/10200,yes,10200,9/3/2015 4:20:17,9/3/2015 4:21:28,e173f4c5f9,
4b6b84206cd7a33cfeb5b2cb5343aa3f,1,1,,,,"Basement, 199 Clarence Street",,,,Spawn Point Small Bar,http://www.spawnpoint.com.au/,,199 Clarence St,Sydney,info@spawnpoint.com.au,https://airbitz.co/biz/9576,yes,9576,9/3/2015 4:33:13,9/3/2015 4:34:03,0ac8b4ac0d,
b97036bffe3cf8683511f8674f8cb804,1,0,,,,,,,,WeMontage,https://wemontage.com/,347-277-4039,1009 Derby Ln,Neenah,james@wemontage.com,https://airbitz.co/biz/6018,yes,6018,9/3/2015 4:34:57,9/3/2015 4:35:08,ef351a81f6,
429fd57ea050a3afc526789700af6c76,1,1,,,250 383 4367,,,,,Hemp & Company,https://www.hempandcompany.com/,250-412-0880,1312 Government St,Victoria,info@hempandcompany.com,https://airbitz.co/biz/4087,yes,4087,9/3/2015 4:36:17,9/3/2015 4:37:45,c9ce4e9cb5,
280e750d9d1c57b35ba7e377beb6faa5,1,0,,,,,,,,Keep Your Assets,http://keepyourassets.net/,,,,support@keepyourassets.net,https://airbitz.co/biz/5031,yes,5031,9/3/2015 4:37:35,9/3/2015 4:38:25,2ec966de57,
79689920c35e2934f1a97081b4a22b53,1,0,,,,,,,,ScottWorld,http://www.scottworld.com/,323-954-1978,,Austin,s@scottworld.com,https://airbitz.co/biz/9433,yes,9433,9/3/2015 4:38:17,9/3/2015 4:38:28,c283508c9f,
f650eee2205347670f6b0b96e392d754,1,0,,,,,,,,Perth Champagne Club,http://www.perthchampagneclub.com,61861432602,Beaufort St,Perth,perthchampagneclub@gmail.com,https://airbitz.co/biz/2880,yes,2880,9/3/2015 4:45:28,9/3/2015 4:45:43,da66ef2ee6,
86ab2c47e3f1e637cdea07c090e56ff0,1,0,,,,,,,,Search Tempo,http://searchtempo.com.au,61731669622,2 Qualtrough St,Woolloongabba,sales@searchtempo.com,https://airbitz.co/biz/2719,yes,2719,9/3/2015 4:47:09,9/3/2015 4:47:25,a25101afef,
fb66cc6b8d84d2c0717a8f05cca5966f,1,1,,,,,,,,Cocoon Floatation,http://www.cocoonfloatation.com.au/,242443069,35A Bellevue Rd,Figtree,float@cocoonfloatation.com.au,https://airbitz.co/biz/9632,yes,9632,9/3/2015 4:48:36,9/3/2015 4:49:19,42d12e2846,
9857381aed2f8c8d926fbd307673d999,1,0,,,,,,,,Living Room of Satoshi,https://www.livingroomofsatoshi.com,,,,support@livingroomofsatoshi.com,https://airbitz.co/biz/6608,yes,6608,9/3/2015 4:53:10,9/3/2015 4:53:24,c9937ae1dc,
e2a6beecc538f5b4eb4c0a10214f7459,1,0,,,,,,,,newPOPart,http://www.newpopart.co/,41764388994,,,contact@newpopart.co,https://airbitz.co/biz/8685,yes,8685,9/3/2015 5:02:12,9/3/2015 5:02:31,ebeca9b3dc,
2c10967292c381504b2033bfc500bda6,1,0,,,,,,,,Gadgets Direct,http://www.gadgetsdirect.com.au/,22145417107,,,sales@gadgetsdirect.com.au,https://airbitz.co/biz/6873,yes,6873,9/3/2015 5:02:10,9/3/2015 5:02:33,c41dd782c2,
a1d6f505dcb41a958040ffdbd5c2eb45,1,0,,,,,,,,Serveraurus,https://serversaurus.com.au/,611300341877,,,support@serversaurus.com.au,https://airbitz.co/biz/6859,yes,6859,9/3/2015 5:04:10,9/3/2015 5:04:24,ff36ce167e,
81f2c2329af12fdebda075071c1f2fd2,1,0,,,,,,,,Hyperion Works,http://www.hyperionworks.com/,602-445-9832,4450 S Rural Rd Ste C 100,Tempe,info@hyperionworks.com,https://airbitz.co/biz/5793,yes,5793,9/3/2015 5:04:39,9/3/2015 5:04:52,db060c7be4,
f38b4c09ee97b2d8f48505ae1983c347,1,0,,,,,,,,Nuciya Natural Beauty,http://www.nuciya.com/,,,Edmonton,info@nuciya.com,https://airbitz.co/biz/6380,yes,6380,9/3/2015 5:05:15,9/3/2015 5:05:31,8364d461a4,
5f5dc4c720bf9779bbcd5944c36e923a,1,1,,,,,,,,Insane Machina Arts,http://www.insanemachina.com,554799118896,Rua Waldomiro Castella 96,Joinville,insanemachina@techie.com,https://airbitz.co/biz/5728,yes,5728,9/3/2015 5:06:20,9/3/2015 5:07:08,9d8bb6ce90,
5c88d43d63c012b96b13e6d31ebeb23b,1,1,,http://paragonuniversaltrade.com,,,,,,The Gem Vault,http://thegemvault.tiptopgem.com/,800-607-1425,,,dave@tiptopgem.com,https://airbitz.co/biz/5091,yes,5091,9/3/2015 5:07:11,9/3/2015 5:08:17,56b32818c7,
c1e6a42c9a789d44f4bd998fa2975c3e,1,0,,,,,,,,Greenleaf Nutrients,http://greenleafnutrients.com/,,,Chula Vista,greenleaf@greenleafnutrients.com,https://airbitz.co/biz/6528,yes,6528,9/3/2015 5:08:29,9/3/2015 5:08:39,9f5ec04c61,
01bdc1d7235f2b5aa4fc7ad1ed6f45b8,0,,,,,,,,,Fountain of Being,http://fountainofbeing.com.au,,40 Victoria St,Potts Point,info@fountainofbeing.com,https://airbitz.co/biz/1618,no,1618,9/3/2015 5:08:38,9/3/2015 5:08:45,652f0522c1,1
cf45726df400147286351910debe44ff,1,0,,,,,,,,Enriquez Funeral Home,http://www.enriquezurdaneta.com/,63755291826,#73 Calle Garcia St,Urdaneta City,mail@enriquezurdaneta.com,https://airbitz.co/biz/8119,yes,8119,9/3/2015 5:08:24,9/3/2015 5:08:53,1278cd26f4,
545ba4fef3d2b8fa015bf419e86b725f,1,1,,,,,,,,Encryptomatic,https://www.encryptomatic.com,651-815-4902,16299 Sugar Island Rd,Audubon,info@encryptomatic.com,https://airbitz.co/biz/1407,yes,1407,9/3/2015 5:08:31,9/3/2015 5:08:58,2697f30d62,
1cd18626fa2900864dbeaec51e06898d,1,0,,,,,,,,"Arizona's Printer Services, Inc.",http://www.azps.com/,520-722-4187,7349 E Broadway Blvd,Tucson,Sales@azps.com,https://airbitz.co/biz/5933,yes,5933,9/3/2015 5:08:24,9/3/2015 5:09:02,3aa06ad73e,
ca2def520472695fba3a70c992ffbcba,1,1,Cobalt.io,http://cobalt.io,,350 Brannan St.,,info@cobalt.io,,Crowd Curity,https://www.crowdcurity.com/,,,San Francisco,info@crowdcurity.com,https://airbitz.co/biz/6452,yes,6452,9/3/2015 5:08:15,9/3/2015 5:09:19,52d209cbd4,
990fe77eb13b1275098f574fc3f04ea8,1,1,,,,,,,,Basel's English Family Dentist,http://www.drbonsall.ch/,41612710604,78 Sankt Alban-Vorstadt,Basel,info@DrBonsall.ch,https://airbitz.co/biz/2821,yes,2821,9/3/2015 5:08:48,9/3/2015 5:09:30,f2c2aff7d6,
f9355bacbdf70d24db14b5aa6924d23a,1,1,,,,,Cannington,,,Storm Computers,http://stormcomputers.com.au/,892588422,1252 Albany Hwy,Kelmscott,cannington@stormcomputers.com.au,https://airbitz.co/biz/8040,yes,8040,9/3/2015 5:09:21,9/3/2015 5:09:53,15b0214b0d,
3de991b84d05857a96df93f42867eaee,1,0,,,,,,,,Buy by bitcoin,http://www.buybybitcoin.com/,,1 John Paul Drive,Hillside,support@buybybitcoin.com,https://airbitz.co/biz/6860,yes,6860,9/3/2015 5:10:32,9/3/2015 5:10:49,0557ffc692,
1f9429835e12c4f69a5e825f98fe40a0,1,0,,,,,,,,EcoDirect,http://www.ecodirect.com/,888-899-3509,2834 La Mirada Dr Ste E,Vista,info@ecodirect.com,https://airbitz.co/biz/6499,yes,6499,9/3/2015 5:10:37,9/3/2015 5:10:51,89f96a9238,
b0e2057ec6a898f7e35ec0a2077fcf98,1,1,,http://zerbyphotography.smugmug.com,,,,,,Zerby Photography,,865-850-3697,,Knoxville,zerbyphotography@gmail.com,https://airbitz.co/biz/9598,yes,9598,9/3/2015 5:10:03,9/3/2015 5:11:37,9c16f18609,
ca3fb01ef2facfbc3577987a0f50180c,1,1,,https://nextfaze.com,,,,,,NextFaze,http://nextfaze.com,61884108188,112 Ward St,North Adelaide,contact@nextfaze.com,https://airbitz.co/biz/1721,yes,1721,9/3/2015 5:11:03,9/3/2015 5:12:13,ab967ab9ef,
71494a662a3fb71d445755a3eccaa1ee,1,0,,,,,,,,Van Mij,http://www.van-mij.nl,264420307,1 Kerkstraat,Arnhem,marielle@van-mij.nl,https://airbitz.co/biz/9693,yes,9693,9/3/2015 5:12:09,9/3/2015 5:12:23,4de6a895b8,
7aa865dd0694087b2b63b6a683a45b23,1,0,,,,,,,,PeaceGeeks,http://peacegeeks.org/,888-710-4335,,Vancouver,info@peacegeeks.org,https://airbitz.co/biz/5994,yes,5994,9/3/2015 5:12:24,9/3/2015 5:12:46,7c8bf71b54,
6b25beb0c625716929af3fbd8ec94977,1,1,,,,Rua Pio XI 1064 -SL11,,,,Modern Lovers Design,http://modernlovers.com.br,5511994722489,153 Rua Girassol,São Paulo,info@modernlovers.com.br,https://airbitz.co/biz/2735,yes,2735,9/3/2015 5:11:54,9/3/2015 5:12:54,4d8d68d8f2,
7bc8352e738ff0b0a360b9ac58888d75,1,1,,,,,,,,Cebu Web Solutions,https://www.cebuwebsolutions.com/,639153555580,1078 Cebu South Rd,Cebu City,sales@cebuwebsolutions.com,https://airbitz.co/biz/7378,yes,7378,9/3/2015 5:13:23,9/3/2015 5:14:25,8bf3da9734,
8c71086d8918a777938676f1995f9c0e,1,1,,http://spielend-programmieren.at,,,,,,spielend-programmieren,http://www.spielend-programmieren.at/,4306605265377,6 Brigittenauer Lände,Vienna,horst.jens@spielend-programmieren.at,https://airbitz.co/biz/205,yes,205,9/3/2015 5:13:27,9/3/2015 5:14:29,104e5a4a36,
b89fbc122c6c2ad80598e44effaeb7df,1,0,,,,,,,,Webscope,http://webscope.co.nz,92823802,19D Blake St,Auckland,team@webscope.co.nz,https://airbitz.co/biz/1729,yes,1729,9/3/2015 5:14:28,9/3/2015 5:14:48,ed3e0ca2a0,
94dad8fe667f494ddcb4396af7926b61,1,0,,,,,,,,Quickly Pay,http://quicklypay.it/,,Level 3 59 Wentworth Ave,Kingston,hello@quicklypay.it,https://airbitz.co/biz/6967,yes,6967,9/3/2015 5:14:51,9/3/2015 5:15:03,d853622314,
3703b71d384bd8eb19921b3af1216b8e,1,0,,,,,,,,Weinhof Reinhardt,http://www.weinhof-reinhardt.de/,492331473210,Brinkstr 14,Hagen,kontakt@weinhof-reinhardt.de,https://airbitz.co/biz/962,yes,962,9/3/2015 5:14:23,9/3/2015 5:15:04,424ba07f6a,
63308abad76aa6786241e656051f119a,1,1,,,,9/94 Murray Street,Colac,,,Paul Benjamin Photography,http://www.paulbenjamin.com.au/,61457082524,590 Centre Rd,Cooriemungle,mail@paulbenjamin.com.au,https://airbitz.co/biz/8192,yes,8192,9/3/2015 5:14:31,9/3/2015 5:15:13,a0b9916bbb,
80fc08a5873a3ce6e9fb1d9155117cc9,1,1,,,,,,,,Hill Country Home Improvements,http://hillcountryhomeimprovements.com,512-992-8745,15311 English River Loop,Leander,hchiaustin@gmail.com,https://airbitz.co/biz/1748,yes,1748,9/3/2015 5:14:17,9/3/2015 5:15:19,91966f2742,
74ab6a453617d2131f59d0a1fdc56cbf,1,1,Café Kobalt,,,,,,Currently we do NOT have a bitcoin ATM,Cobalt Cafe,http://www.cafekobalt.nl,31203201559,2A Singel,Amsterdam,info@cafekobalt.nl,https://airbitz.co/biz/7033,yes,7033,9/3/2015 5:14:08,9/3/2015 5:16:29,0ee1939260,
5e8d65099edc3a5c1c2d07117089784e,1,1,,,,,Hong Kong,,,Lens Proxy,http://www.lensproxy.com,,,,lensproxy@gmail.com,https://airbitz.co/biz/6938,yes,6938,9/3/2015 5:16:03,9/3/2015 5:16:54,23ce6e4ad8,
564cc5a72daa4536f746230b2dcf8a3e,1,1,,,587 333 0286,,,,,MITVIS Corporation,http://www.mitvis.com,587-287-5927,620 Elbow Dr SW,Calgary,info@mitvis.com,https://airbitz.co/biz/841,yes,841,9/3/2015 5:16:08,9/3/2015 5:17:07,6f0448107d,
33b1aee781fb42282e25546e1e8d140e,1,0,,,,,,,,North Coast Productions,http://northernmostcoast.com/,507-251-3797,522 6th Avenue Northwest,Rochester,info@northernmostcoast.com,https://airbitz.co/biz/5537,yes,5537,9/3/2015 5:17:27,9/3/2015 5:17:42,1649be9cd5,
38a37ae210c6f3a0c6f4876cfe1c4f65,1,0,,,,,,,,Vera Chan,http://verachan.com/,61409636688,129 King St,Melbourne,verachan@live.com,https://airbitz.co/biz/703,yes,703,9/3/2015 5:17:34,9/3/2015 5:17:47,3545805c13,
48fa5e3044fa7ae91227b268a123759d,1,0,,,,,,,,Yeti Solar,http://www.yetisolar.com/,,,,info@yetisolar.com,https://airbitz.co/biz/5103,yes,5103,9/3/2015 5:17:34,9/3/2015 5:17:57,f8f1179936,
9d79ebdcfc179fae3f144a19d3edd7f2,0,,,,,,,,,Emi Jewellery,http://www.emijewellery.com/,41764322332,10 Strada di Pregassona,Lugano,info@emijewellery.com,https://airbitz.co/biz/7469,no,7469,9/3/2015 5:17:51,9/3/2015 5:18:00,f3f222305a,2
21e378780c895dea75a69be6d57978f4,1,0,,,,,,,,baiCapture,https://baicapture.com,6328224227,7635 Guijo,Manila,info@baicapture.com,https://airbitz.co/biz/2767,yes,2767,9/3/2015 5:18:11,9/3/2015 5:18:19,5ea646d670,
54b7e02040e97079466af5bb85d5976d,1,0,,,,,,,,Cilla & Co.,http://cilla.co,639178870055,Guijo St,Taguig,hello@cilla.co,https://airbitz.co/biz/7625,yes,7625,9/3/2015 5:12:53,9/3/2015 5:18:23,5ea646d670,
e7e0baf0232ae6c087d4ea13e9cd7ba4,0,,,,,,,,,Joostice,http://joostice.com/,61411268848,330 King Street,Newtown,hugo@joostice.com,https://airbitz.co/biz/2059,no,2059,9/3/2015 5:18:37,9/3/2015 5:18:42,6e89131940,3
1bdc085e69d413d4581ef45269a4a98d,1,0,,,,,,,,Webscope,http://webscope.co.nz,92823802,19D Blake St,Auckland,team@webscope.co.nz,https://airbitz.co/biz/1729,yes,1729,9/3/2015 5:18:28,9/3/2015 5:18:43,db079a9499,
c5154065c9287d635536dcb402c8608e,1,0,,,,,,,,ChinaBootik Electronics,http://www.chinabootik.com/,,,,info@chinabootik.com,https://airbitz.co/biz/6861,yes,6861,9/3/2015 5:18:37,9/3/2015 5:18:54,14ef7e7a32,
b75b6470a833c9da76130e0cca204562,1,0,,,,,,,,Ausign Signage,http://www.ausign.com,61394190970,344 Johnston St,Melbourne,info@ausign.com,https://airbitz.co/biz/1472,yes,1472,9/3/2015 5:18:53,9/3/2015 5:19:10,e6ebec86b0,
8f0b43117a72743438fe68a8f64ba4b1,1,1,,,,"268 Rosslyn St, West Melbourne",Melbourne,,,Design Industries,http://www.di.net.au/,611300736363,268 Rosslyn St,West Melbourne,info@di.net.au,https://airbitz.co/biz/717,yes,717,9/3/2015 5:18:07,9/3/2015 5:19:16,ff399a52b4,
ee69b7e674d8f8c6de1d19289aa84301,1,1,,,,,,,"Hi, i would like to update a bit the presentation text of Art in All of Us as follows:",Art in All of Us,http://artinallofus.org/,,,,info@artinallofus.org,https://airbitz.co/biz/8333,yes,8333,9/3/2015 5:17:26,9/3/2015 5:20:03,616386f9c2,
6229a013051a492451548a94d8c1f4ec,1,0,,,,,,,,Postertext,http://postertext.com/,,,,inquiry@postertext.com,https://airbitz.co/biz/8879,yes,8879,9/3/2015 5:20:34,9/3/2015 5:20:46,974f0bd1d0,
24c9ff449fdea3b097cc107f80da0cb2,1,0,,,,,,,,JP Portrait Studio,http://www.jpportraitstudio.com/,509-884-2911,336 N Lander Pl,East Wenatchee,johnlovespoppy@gmail.com,https://airbitz.co/biz/9295,yes,9295,9/3/2015 5:22:07,9/3/2015 5:22:24,5a87e06bf3,
0aa55e82d00954bb3be567dc90374b07,1,0,,,,,,,,Coinfinity,http://coinfinity.co/,436764857646,21 Mariahilferstraße,Graz,office@coinfinity.co,https://airbitz.co/biz/6705,yes,6705,9/3/2015 5:22:12,9/3/2015 5:22:28,e7b42245b6,
51d13bd3e4e72eaae610b04e9af675c5,1,1,,,,,Auckland,,,bitNZ,https://bitnz.com/,,,Wellington,contact@bitnz.com,https://airbitz.co/biz/6830,yes,6830,9/3/2015 5:22:27,9/3/2015 5:22:54,add1d8a170,
9984a4c43f58549205d8af357fcac13b,1,1,,,,,,,,Basin Hosting,http://www.basinhosting.com/,432-301-9327,,Midland,jamesmm@basinhosting.com,https://airbitz.co/biz/8213,yes,8213,9/3/2015 5:22:19,9/3/2015 5:23:02,679ebf1273,
c474cf9bffa1eeb508e637ad525f7006,1,0,,,,,,,,Wisdom Survival Kits,http://wisdomsurvival.com/,,,,info@wisdomsurvival.com,https://airbitz.co/biz/408,yes,408,9/3/2015 5:24:03,9/3/2015 5:24:13,fc7569c057,
72bebe79f117884b389725c6c27daccb,1,0,,,,,,,,MITS:Health,http://mitshealth.com.au/,1300700300,89-93 High Street South,Kew,greg.campbell@mitshealth.com.au,https://airbitz.co/biz/2396,yes,2396,9/3/2015 5:24:31,9/3/2015 5:24:43,9beac53f8f,
e63a7ee2e5c28bc169958d3a7a3b54dc,1,0,,,,,,,,Cryo Bit,https://www.cryobit.co/cold-storage-products/cryo-card/,844-311-7448,21059 N Sweetwater Ln,Boca Raton,support@cryobit.co,https://airbitz.co/biz/6581,yes,6581,9/3/2015 5:25:28,9/3/2015 5:25:40,af476f498c,
1e988622b8038a142e9ad8f1d020cbdb,1,0,,,,,,,,Vanbex,http://www.vanbex.com/,,,Vancouver,hello@vanbex.com,https://airbitz.co/biz/10230,yes,10230,9/3/2015 5:27:09,9/3/2015 5:27:21,6b0363d3f3,
2b8e874b150b73171f283272468de5f5,1,1,,,,,,,,Another World Computer Centre,http://www.anotherworld.com.au/,393549871,429 Sydney Rd,Coburg,info@anotherworld.com.au,https://airbitz.co/biz/8497,yes,8497,9/3/2015 5:28:37,9/3/2015 5:29:05,c25d1dca30,
bb2242f2888129673aedf9a21ba09525,1,1,,http://facebook.com/easybreezysf,,,,,,Easy Breezy Frozen Yogurt,http://www.easybreezysf.com/,,718 Irving St,San Francisco,easybreezysf@gmail.com,https://airbitz.co/biz/8602,yes,8602,9/3/2015 5:28:34,9/3/2015 5:29:31,a8eb0625e0,
0f12f6c688274c8b0dab64d1579c33ea,1,0,,,,,,,,"T.C. Johnston, LL.M., Internet Law",http://tcjohnston.com/,619-446-6750,3245 University Ave Ste 1245,San Diego,info@tcjohnston.com,https://airbitz.co/biz/9614,yes,9614,9/3/2015 5:29:26,9/3/2015 5:29:40,d9a427904c,
65a611b712350e7c55ad0dd0653ff712,1,0,,,,,,,,Lobster Digital Marketing Limited,http://lobsterdigitalmarketing.co.uk/,442920487822,96 Cardiff Rd,Cardiff,studio@lobsterdm.co.uk,https://airbitz.co/biz/6654,yes,6654,9/3/2015 5:31:49,9/3/2015 5:32:10,b9d3d8d13c,
82d559634dd540682d3fc0cd3bd57ad5,1,0,,,,,,,,CashCtrl,http://www.cashctrl.com/,41615355594,,,info@cashctrl.com,https://airbitz.co/biz/7472,yes,7472,9/3/2015 5:32:15,9/3/2015 5:33:08,9ad4c8c484,
aadae6e3c45f3bc8fa8dc9aa144d7139,1,0,,,,,,,,NextFaze,http://nextfaze.com,61884108188,112 Ward St,North Adelaide,contact@nextfaze.com,https://airbitz.co/biz/1721,yes,1721,9/3/2015 5:34:17,9/3/2015 5:34:32,ab967ab9ef,
34ef5297a36357080d271379c965e972,0,,,,,,,,,Gallery Rene Mele,http://renemele.wix.com/galleryrenemele,917-446-9522,40 E 75th St,New York,renemele@gmail.com,https://airbitz.co/biz/7320,no,7320,9/3/2015 5:35:35,9/3/2015 5:35:43,451ddb7a20,4
21ebd785788f54a1c874a82284271ca5,1,0,,,,,,,,Lithium Web,http://www.lithiumweb.com.au/,,,,hello@lithiumweb.com.au,https://airbitz.co/biz/7072,yes,7072,9/3/2015 5:36:22,9/3/2015 5:36:37,162e72ec61,
69f6bb51e60ccb36e615a51c4d2780b2,1,1,,,,"38590 Royal Ann Common
 Fremont, CA 94536",Fremont,,,Audety,https://www.audety.com/,877-515-4377,2885 Sanford Ave SW Ste 29157,Grandville,support@audety.com,https://airbitz.co/biz/4965,yes,4965,9/3/2015 5:34:23,9/3/2015 5:36:49,ec7941a260,
c46781f845e59f395aa32968c2491051,1,0,,,,,,,,Fine Cigars,http://www.finecigars.com.au/,61468616092,,,orders@finecigars.com.au,https://airbitz.co/biz/6870,yes,6870,9/3/2015 5:37:14,9/3/2015 5:37:36,4109899623,
2d9ff11538a4eee3d2dc727896aa2625,1,1,,,,,,,,E-Trip Africa,http://www.etripafrica.com,302-722-6226,113 Barksdale Professional Center,Newark,operations@etripafrica.com,https://airbitz.co/biz/5887,yes,5887,9/3/2015 5:37:11,9/3/2015 5:38:03,0763af9019,
41f4c693d22a242a6dc157b3854c75d4,1,0,,,,,,,,CoinBeyond,http://coinbeyond.com,,114 W Magnolia St Ste 505,Bellingham,info@CoinBeyond.com,https://airbitz.co/biz/7869,yes,7869,9/3/2015 5:37:46,9/3/2015 5:38:03,0e81a26333,
52711278fa9b286f90354ca593a595ba,1,1,,,,,,,,Cups and Cakes Bakery,http://cupsandcakesbakery.com,415-437-2877,451 9th St,San Francisco,order@cupsandcakesbakery.com,https://airbitz.co/biz/139,yes,139,9/3/2015 5:37:37,9/3/2015 5:38:11,852cfcd012,
d8897a961e4693eaaea6ad3cc89c47fe,0,,,,,,,,,Urban Muscle,http://urbanmuscle.com.au/,61733716556,,,sales@urbanmuscle.com.au,https://airbitz.co/biz/6599,no,6599,9/3/2015 5:37:54,9/3/2015 5:38:14,8d023d615e,5
b3d5e62d250f04d2a8a7a195bc31a567,1,0,,,,,,,,BitRecruiter,http://bitrecruiter.com/,18009665198,30025 Alicia Pkwy Ste 312,Laguna Niguel,admin@bitrecruiter.com,https://airbitz.co/biz/3421,yes,3421,9/3/2015 5:38:35,9/3/2015 5:38:56,8b9ab912b8,
672e68e60ad51654046f54c902814d42,1,0,,,,,,,,Project Skyhook,http://projectskyhook.com/,503-489-9998,,Portland,info@projectskyhook.com,https://airbitz.co/biz/6985,yes,6985,9/3/2015 5:40:14,9/3/2015 5:40:24,6834b50b05,
23516d0caf9054fc496bdd22afa1138b,1,0,,,,,,,,Souren Meubels,http://sourenmeubels.nl/,310628124989,Economiestraat 4C 6361 KD Nuth,Nuth,info@sourenmeubels.nl,https://airbitz.co/biz/292,yes,292,9/3/2015 5:41:36,9/3/2015 5:41:56,290c1985d9,
4ede3250ee547cf73a7e27f98b6ff852,1,1,,,,,Thornbury,,,Barking Bandicoot,http://www.barkingbandicoot.com,,11 Beaconsfield Parade,Port Melbourne,justingraham@barkingbandicoot.com,https://airbitz.co/biz/6749,yes,6749,9/3/2015 5:40:07,9/3/2015 5:42:04,db63689189,
324dfbd2aefbb4c8a8b1686ce4de82a9,1,0,,,,,,,,Dentalcare West,http://www.dentalcarewest.co.nz/,98188855,190 W Coast Rd,Auckland,info@dentalcarewest.co.nz,https://airbitz.co/biz/8141,yes,8141,9/3/2015 5:45:07,9/3/2015 5:45:20,89d72b90ec,
82a71c112e64144ca2081db3fb27129c,1,0,,,,,,,,The Tantra Suites,http://www.thetantrasuites.com/,,54 The Esplanade,Ettalong Beach,INFO@FLASHIDO.COM,https://airbitz.co/biz/8966,yes,8966,9/3/2015 5:47:25,9/3/2015 5:47:52,4854921332,
4dff5e39e3d4ffb8c38e8f38cb63ac3e,1,0,,,,,,,,Edds Englisch,http://www.rdturner.co.uk,,23 Am Uchtedamm,Stendal,edw@rdturner.co.uk,https://airbitz.co/biz/176,yes,176,9/3/2015 5:47:49,9/3/2015 5:48:03,14f1153590,
030dc38bf8467e0d57c71fc8955c14f0,0,,,,,,,,,Ferrite,http://getferrite.com/,,,,ferrite@davidmark.us,https://airbitz.co/biz/6560,no,6560,9/3/2015 5:49:54,9/3/2015 5:49:59,bd10ed0640,6
e215a31bea4800790376f702cb847816,1,1,,,213-634-7115,,,,,Marfa Film Festival,http://www.marfafilmfestival.com/,,,Marfa,info@marfafilmfestival.com,https://airbitz.co/biz/6021,yes,6021,9/3/2015 5:48:56,9/3/2015 5:50:08,b990b336f6,
a51dcb0cb0e6cc861b0d2e72e8fdb6f8,1,1,,,,,,,"SocialRadius is now part of Transform Group, the largest PR firm in the bitcoin industry. We accept btc for all social media, PR and consulting work.",SocialRadius,http://socialradius.com/,,1237 3rd St Promenade,Santa Monica,info@socialradius.com,https://airbitz.co/biz/5043,yes,5043,9/3/2015 5:50:37,9/3/2015 5:52:15,ba0112f6ef,
ae3e0ab48a59e7809d85a23bb1dbd131,1,1,,,31206386716,,,,,Mensocks,http://www.mensocks.nl/,206386716,6HS Runstraat,Amsterdam,contact@mensocks.nl,https://airbitz.co/biz/6638,yes,6638,9/3/2015 5:55:25,9/3/2015 5:56:41,95f918a8e3,
63f98246067ff8bced08621d3df64bbf,1,0,,,,,,,,Xpress Movers,http://www.xpressmovers.com,617-293-1380,5 Waltham St,Wilmington,info@xpressmovers.com,https://airbitz.co/biz/5327,yes,5327,9/3/2015 5:56:40,9/3/2015 5:56:49,a7b737d8c1,
42579e6b74ea491dd4a2f5365dc7308e,1,0,,,,,,,,CoinSimple,http://coinsimple.com/,,,,nikos@coinsimple.com,https://airbitz.co/biz/7783,yes,7783,9/3/2015 5:57:01,9/3/2015 5:57:25,99594f128e,
0d52a0f64030a17a295de2c35fef239d,1,1,Fairlay,https://www.fairlay.com,,,,,,FairLay,https://www.fairlay.com/,,,London,info@fairlay.com,https://airbitz.co/biz/7934,yes,7934,9/3/2015 5:59:30,9/3/2015 6:01:20,bd5fc5ad13,
608837b5164754675c477b5287b62901,1,0,,,,,,,,Urban Velocity,http://www.urbanvelocity.com.au/,61394813213,148 Arthurton Rd,Northcote,sales@urbanvelocity.com.au,https://airbitz.co/biz/7367,yes,7367,9/3/2015 6:01:28,9/3/2015 6:01:40,f2fcb2beb0,
85f4767367209ebf8fbf30dc749d2b5f,1,0,,,,,,,,Media & Web Development - Manuel Fallmann,http://www.manuelfallmann.com,,7 Landgutgasse,Vienna,office@manuelfallmann.com,https://airbitz.co/biz/1888,yes,1888,9/3/2015 6:00:52,9/3/2015 6:01:43,b4deba1e6f,
60e9edd99feb8f26d02e6374d6f9c0d5,1,0,,,,,,,,CoinBeyond,http://coinbeyond.com,,114 W Magnolia St Ste 505,Bellingham,info@CoinBeyond.com,https://airbitz.co/biz/7869,yes,7869,9/3/2015 6:02:51,9/3/2015 6:03:06,095e92102e,
7bbb0066f6768cf67ac2e0a3cb12e57d,1,1,,,,,,,,Coin Loft,https://www.coinloft.com.au/,,,Melbourne,admin@coinloft.com.au,https://airbitz.co/biz/9267,yes,9267,9/3/2015 6:05:32,9/3/2015 6:06:05,dc5492e9c7,
67a252d862d19eec88d2b53729ba1547,1,1,QuickFix Phone & PC Repair,http://quickfixhsv.com,,,,support@quickfixhsv.com,,QuickFix Gadget Repair,http://www.quickfixhsv.com/,256-489-8877,2500 Brahan Ave Ste 2,Huntsville,quickfixcellular@ymail.com,https://airbitz.co/biz/6943,yes,6943,9/3/2015 6:05:33,9/3/2015 6:06:57,70d72ddf05,
44ffd47ffa40fbe4a01aceaf9fbb2696,1,1,,,,,,,,The Mews Motel,http://www.themewsmotel.com.au/,63312861,89 Margaret St,Launceston,themews@netspace.net.au,https://airbitz.co/biz/8843,yes,8843,9/3/2015 6:09:04,9/3/2015 6:10:13,7eda8b142d,
b810992d69a659a3bc8aec7e85247394,1,0,,,,,,,,Bitcoin ATM,http://bit2bit.co,,25 Glenelg St,South Brisbane,sales@bit2bit.co,https://airbitz.co/biz/5746,yes,5746,9/3/2015 6:10:30,9/3/2015 6:10:46,8d52cf52ac,
bec6c4d69030b522586f45528b9d136e,1,0,,,,,,,,"Jonathan P. Montag, D.D.S.",http://www.montagdental.com,518-371-0461,643 Grooms Rd Ste 2,Clifton Park,info@montagdental.com,https://airbitz.co/biz/6771,yes,6771,9/3/2015 6:14:36,9/3/2015 6:14:49,7a510bb260,
40c32cb0c22125565357b30ecc46f572,1,0,,,,,,,,ACE Motorsports Racing & Auto Service,http://acemotorsportsracing.com,760-575-4714,1320 Distribution Way Ste D,Vista,info@acemotorsportsracing.com,https://airbitz.co/biz/6023,yes,6023,9/3/2015 6:17:01,9/3/2015 6:17:21,2c1e8f4f9f,
df77c9ddd58168738614ac700b08a643,1,0,,,,,,,,Diadem Jewellery,https://diademjewellery.co.uk/,1614653896,55 Stamford New Rd,Altrincham,online@diademjewellery.co.uk,https://airbitz.co/biz/9950,yes,9950,9/3/2015 6:17:57,9/3/2015 6:18:07,7ab30f272d,
2400b7788a38ac93162291dbb268d056,1,1,,,,,,,,Shiok Singapore Kitchen,http://shiokkitchen.com,650-838-9448,1137 Chestnut St,Menlo Park,contact@shiokkitchen.com,https://airbitz.co/biz/9391,yes,9391,9/3/2015 6:19:29,9/3/2015 6:20:04,61b3b1ab3c,
7b533094a65562d789473b523c220caa,1,1,,,,,,,,Uwe Reinsch Holzbau-Zimmerei,http://oldenburg-zimmerei.com/,44150500888,Wilhelmshavener Heerstraße 35,Oldenburg,reinsch.oldenburg@freenet.de,https://airbitz.co/biz/2711,yes,2711,9/3/2015 6:19:39,9/3/2015 6:21:13,0ff57d9e3d,
277112e016674915c99216cf5f0497f5,1,0,,,,,,,,IT-Service Abee,http://abee.ch/,41325110502,13 Flurweg,Nidau,info@abee.ch,https://airbitz.co/biz/3598,yes,3598,9/3/2015 6:22:28,9/3/2015 6:22:40,ec1e80b9e0,
415d282a2d2b5c25e0756f5f0b2dbdc4,1,0,,,,,,,,Northern Sun Solar Power,http://www.northernsunsolar.com.au,864602805,97 William St,Perth,mike@northernsunsolar.com.au,https://airbitz.co/biz/2664,yes,2664,9/3/2015 6:22:49,9/3/2015 6:23:05,e91a80980c,
a1ad9f4ed81801afc265e355f6408168,1,0,,,,,,,,Donald Katz Law,http://www.donaldkatzlaw.com/,248-733-4502,390 Park St,Birmingham,info@donaldkatzlaw.com,https://airbitz.co/biz/8660,yes,8660,9/3/2015 6:22:42,9/3/2015 6:23:20,e241ac3f5e,
013fc1362b3d22a3524b3d37b1a0a5ff,1,0,,,,,,,,TeamLogic IT,http://www.teamlogicit.com/papillionne701/,402-431-2755,607 Pinnacle Dr Ste C,Papillion,omahane@teamlogicit.com,https://airbitz.co/biz/7803,yes,7803,9/3/2015 6:23:20,9/3/2015 6:23:41,574ad3580f,
ec96821e7819e97e10da8513407c4068,0,,,,,,,,,Petland,http://www.petland.com.au/,363432154,151 Hobart Rd,Kings Meadows,info@petland.com.au,https://airbitz.co/biz/6964,no,6964,9/3/2015 6:24:58,9/3/2015 6:25:05,6f07b9e4e7,7
d8606f7095467a790ee4e4cf19d33d6d,0,,,,,,,,,Baykar London Hairdressing,http://www.baykarlondon.com/,2089604958,77 Fernhead Rd,London,appointments@baykarlondon.com,https://airbitz.co/biz/9501,no,9501,9/3/2015 6:30:03,9/3/2015 6:30:10,56e5b5259e,8
eec28c60d0f41d81a29cae3070e25353,1,0,,,,,,,,Royalty Limousine,http://www.asandiegolimo.com,858-243-0467,10876 Ivy Hill Dr,San Diego,ali@asandiegolimo.com,https://airbitz.co/biz/6119,yes,6119,9/3/2015 6:29:05,9/3/2015 6:30:37,5d236eaec3,
0da26c5a34e17d5bf85d692c0ba161c9,1,0,,,,,,,,Edelstall Coworking Space,http://edelstall.de,4951116589853,Schwarzer Bär 2,Hannover,hello@edelstall.de,https://airbitz.co/biz/4437,yes,4437,9/3/2015 6:30:26,9/3/2015 6:30:53,03b751898f,
0cbeadb0670d32ae49d39bb604173870,1,1,,,,,Paris,,,Paymium,https://www.paymium.com/,,,,contact@paymium.com,https://airbitz.co/biz/7938,yes,7938,9/3/2015 6:31:30,9/3/2015 6:32:54,d59360f867,
7d4e8944a1124863766ae8f02752a0c3,1,1,,,,,,,,Techno Art Shop,http://techno-art.ch,41435373256,31 Zschokkestrasse,Zurich,info@falki-pictures.com,https://airbitz.co/biz/2312,yes,2312,9/3/2015 6:32:35,9/3/2015 6:33:17,be4368592d,
e3aa9266b037461d482d15e67e89bafd,1,0,,,,,,,,Maths Gear,http://mathsgear.co.uk/,,,,contact@mathsgear.co.uk,https://airbitz.co/biz/8886,yes,8886,9/3/2015 6:33:12,9/3/2015 6:33:31,c23063948a,
5fade64df87aa1d5f6a89e730eb90a95,1,0,,,,,,,,The Holy Black Trading Company,http://theholyblack.com/,,,,theholyblack@gmail.com,https://airbitz.co/biz/10224,yes,10224,9/3/2015 6:35:46,9/3/2015 6:35:59,34625e390b,
71a1d41ebb6b31ebd63dc7cda2d3f3d5,1,0,,,,,,,,Folklore Design,http://folkloredesign.com.au,394199309,13 Byron St,Collingwood,anton@folkloredesign.com.au,https://airbitz.co/biz/1466,yes,1466,9/3/2015 5:01:59,9/3/2015 6:38:34,70af59acaf,
163ffc3d637ef761c528bd955b273c78,1,1,,,,,,,,Royalty Limousine,http://www.asandiegolimo.com,858-243-0467,10876 Ivy Hill Dr,San Diego,ali@asandiegolimo.com,https://airbitz.co/biz/6119,yes,6119,9/3/2015 6:38:21,9/3/2015 6:39:06,5d236eaec3,
023af96ac2d6f08f3e00ac412e7471b4,1,1,,,,Rütistrasse 16,,,,Mark Bern,http://www.markbernart.com,,3 Torgasse,Zurich,markbernart@gmail.com,https://airbitz.co/biz/2204,yes,2204,9/3/2015 6:39:30,9/3/2015 6:39:58,49f56883c7,
ffed4de6f6f012899cb6c7b132ac5a82,1,1,,http://www.xbteller.com,(844) 264-6835,"14440 East 6th Avenue
 Aurora, CO 80011",Aurora,,How do I add additional XBTeller bitcoin ATM locations to the map?,XBTeller,https://xbteller.com/,,,,info@xbteller.com,https://airbitz.co/biz/7010,yes,7010,9/3/2015 5:56:31,9/3/2015 6:40:02,624d77d905,
e27b8680308bc545612b2cb1b05b565c,1,1,Royalty Limousine Inc.,https://asandiegolimo.com,858-922-7225,,,,,Royalty Limousine,http://www.asandiegolimo.com,858-243-0467,10876 Ivy Hill Dr,San Diego,ali@asandiegolimo.com,https://airbitz.co/biz/6119,yes,6119,9/3/2015 6:40:09,9/3/2015 6:41:39,5d236eaec3,
b596f1711e4aecc645cf20d6851e8809,1,1,Robertson Piano,,,,,,"Would it be possible to change the listing to say ""Piano tuning, repair, and cleaning with a focus on customer service."" And also remove the cat picture, please.",Robertson Piano Tuning,http://robertsonpianotuning.com/,,,Birmingham,tuner@robertsonpianotuning.com,https://airbitz.co/biz/4983,yes,4983,9/3/2015 6:39:47,9/3/2015 6:43:50,bd65443a1c,
d79e995784546253d862e315bd0a74ca,1,1,,,,,,,,HS Development,http://www.hsdev.com/,168468822,,Fijnaart,info@hsdev.com,https://airbitz.co/biz/5900,yes,5900,9/3/2015 6:46:20,9/3/2015 6:47:05,e9f9ec4272,
1d4c8e8ec0fcc82e7ebc3a228f0f1b13,1,0,,,,,,,,The Cannington,http://www.thecannington.com,61894583408,Lot 9 George St W,Cannington,bar@thecannington.com,https://airbitz.co/biz/2180,yes,2180,9/3/2015 6:47:49,9/3/2015 6:48:03,79d39f95a7,
3c8e9d6dd0aa35f5376a7c26cfc7a463,1,0,,,,,,,,Paraeasy,http://www.paraeasy.ch/,41796674174,5 Suststrasse,Ingenbohl,info@ParaEasy.ch,https://airbitz.co/biz/7462,yes,7462,9/3/2015 6:48:23,9/3/2015 6:52:14,01221cbe88,
1a75177c78ac267759489ba2033fdb0c,1,0,,,,,,,,All you can miet,http://www.aycm.de,4923113752874,20 Brückstraße,Dortmund,info@aycm.de,https://airbitz.co/biz/5510,yes,5510,9/3/2015 6:59:15,9/3/2015 6:59:53,c179a005a3,
797d963bee2cb6cfab9220ed04885e69,1,0,,,,,,,,Fire & Ice,http://www.fire-ice.co.za/,823521191,4 Victory Avenue,Cape Town,info@fire-ice.co.za,https://airbitz.co/biz/228,yes,228,9/3/2015 7:01:15,9/3/2015 7:01:37,c985f2061d,
fd3ea9adb0d58d0de46ace8827a22415,1,0,,,,,,,,Your Sushi,http://www.yoursushi.co.uk/,2032872299,70 Broad St,Birmingham,Info@YourSushi.co.uk,https://airbitz.co/biz/2267,yes,2267,9/3/2015 7:06:54,9/3/2015 7:07:03,3652ab58e5,
e2c9097b452867dc8bfed5171379b1bc,1,1,,,,,,,,Source,https://madebysource.com/,,,Prague,team@madebysource.com,https://airbitz.co/biz/8527,yes,8527,9/3/2015 7:11:11,9/3/2015 7:11:45,5a15315847,
8cd7678ce331210ec139e3ced51b10f1,0,,,,,,,,,Caladen Ltd,http://www.caladen.com/,1159728555,Lock Lane,Long Eaton,sales@caladen.com,https://airbitz.co/biz/3140,no,3140,9/3/2015 7:12:13,9/3/2015 7:12:18,7dd0454900,9
2c35435b50ec6755992dce570189e208,1,0,,,,,,,,Nowell Associates Limited,http://www.nowellassociates.co.uk,441243274955,Cornwall Rd,Harrogate,enquiries@nowellassociates.co.uk,https://airbitz.co/biz/1787,yes,1787,9/3/2015 7:17:22,9/3/2015 7:17:32,2095889341,
51b991b062ced5152e3e9812968bf027,1,1,,http://sovereigncoin.net,,,North Vancouver,sovereignize@gmail.com,,Sovereign Exchange,http://sovereignize.net/,778-835-7667,P.O Box 52230,Vancouver,steven.merrill@sovereignize.net,https://airbitz.co/biz/4656,yes,4656,9/3/2015 7:20:05,9/3/2015 7:21:48,06f6f2cc21,
43f8c4b10654142f5d72172674929d10,1,0,,,,,,,,VapeTech,http://www.vapetech.com.au/,,,,info@vapetech.com.au,https://airbitz.co/biz/1903,yes,1903,9/3/2015 7:21:27,9/3/2015 7:21:54,bafa848669,
2ee0fb406c96e63c4f99e6a8972fdaf8,1,0,,,,,,,,UnlockBase.com,https://www.unlockbase.com/,,610 Nathan Rd,,info@unlockbase.com,https://airbitz.co/biz/8680,yes,8680,9/3/2015 7:28:20,9/3/2015 7:28:40,8bfdf8dee9,
0cddb3d8d0765d6beb2a99988ee705be,1,0,,,,,,,,Brooklyn Tutor Co,http://BrooklynTutorCo.com/,646-820-2807,7123 4th Ave,Brooklyn,BrooklynTutorCo@gmail.com,https://airbitz.co/biz/3624,yes,3624,9/3/2015 7:31:50,9/3/2015 7:33:09,a94287367f,
e3b08771835e3126f0870aaeceba2d29,1,0,,,,,,,,Launch/CO,https://launchco.com/coworking,,Rudolfstraße 14,Berlin,hello@launchco.com,https://airbitz.co/biz/2828,yes,2828,9/3/2015 7:35:13,9/3/2015 7:35:25,57dbe0dcb2,
fb1b1c48ec706d2203ae3a915eb2f6a3,0,,,,,,,,,Tacoteca,http://www.tacoteca.ch/,41612713184,12 Viaduktstrasse,Basel,info@tacoteca.ch,https://airbitz.co/biz/3458,no,3458,9/3/2015 7:35:40,9/3/2015 7:35:45,e3461eccf3,10
4783acb356f3a58b2f1ccf59f9244fdf,1,1,,,,932 C Street #g100,,info@hrtroops.org,,Honoring Our Troops,http://hrtroops.org/,858-433-0525,,San Diego,Helpvets@HRTroops.org,https://airbitz.co/biz/8928,yes,8928,9/3/2015 7:40:54,9/3/2015 7:42:08,83fdad64c6,
388a79db030ece456e5bdec129a6843e,1,0,,,,,,,,Flower Delivery Hong Kong,http://www.flowerdeliveryhongkong.com/,85235905123,625 Nathan Rd,Hong Kong,info@flowerdeliveryhongkong.com,https://airbitz.co/biz/2581,yes,2581,9/3/2015 7:41:56,9/3/2015 7:42:44,302643b775,
1367c307eef706fbe03b139b2d43563f,1,0,,,,,,,,Star Quest Productions,http://www.starquest.com.au/,390111665,2B Hill St,Frankston,enquiries@starquest.com.au,https://airbitz.co/biz/9291,yes,9291,9/3/2015 7:42:46,9/3/2015 7:43:08,bc884a6374,
8160c2616a66c7f817a3816e03350bbb,1,1,,,,,,,,Global Peace Initiative,http://www.friedensinitiative.ch,41712883913,16 Auf der Lyss,Basel,kontakt@friedensinitiative.ch,https://airbitz.co/biz/4486,yes,4486,9/3/2015 7:31:47,9/3/2015 7:48:34,3cb0972d4c,
e3a5c02ad2aca67edcd9b2afc4215dcb,1,0,,,,,,,,MsPoints,http://www.mspoints.de/,493316006619,Schwarzschildstr 16,Potsdam,info@mspoints.de,https://airbitz.co/biz/762,yes,762,9/3/2015 7:48:33,9/3/2015 7:49:20,7ad5bd03f6,
b3c4f4ab94488d3c4ef70a60c802f59e,1,0,,,,,,,,nexst. e.K.,http://nexst.de/,,48 Seeburger Straße,Berlin,info@nexst.de,https://airbitz.co/biz/763,yes,763,9/3/2015 7:57:07,9/3/2015 7:58:16,7bc68cca17,
67789305456112f9be18d4612d58f883,1,1,,,,Haverhill Market,,,,Vapor Quip,http://www.vaporquip.co.uk/,7923353483,Recreation Rd,Haverhill,timirving@outlook.com,https://airbitz.co/biz/2112,yes,2112,9/3/2015 7:57:48,9/3/2015 7:59:08,ddcd9cf365,
75f16ee13f873d9a548c58d133c00ac3,0,,,,,,,,,A Taste of Home,http://www.atasteofhome.nl/,31232022273,42 Gedempte Oude Gracht,Haarlem,info@atasteofhome.nl,https://airbitz.co/biz/254,no,254,9/3/2015 8:02:17,9/3/2015 8:02:25,6bb3bf48b4,11
4c2209c6d9c0aae6419d7d4379888347,1,0,,,,,,,,MegaMine,http://www.megamine.com/,2070799209,8 Percy St,London,info@megamine.com,https://airbitz.co/biz/9315,yes,9315,9/3/2015 8:02:50,9/3/2015 8:03:00,330c44ff84,
a07a524e56605a955d3aa1e5bc9b2713,1,0,,,,,,,,Bitcoin Suisse AG,https://www.bitcoinsuisse.ch/,41796818786,18 Mühlegasse,Zurich,info@bitcoinsuisse.ch,https://airbitz.co/biz/3007,yes,3007,9/3/2015 8:07:22,9/3/2015 8:07:43,fa4c3a0818,
cbf0cbd43f1a9acdbda05ea0251b8e91,1,0,,,,,,,,Print 2 Media,http://www.print-2-media.com,441579340985,Unit 7 Moorswater Industrial Estate,Liskeard,info@print-2-media.com,https://airbitz.co/biz/7499,yes,7499,9/3/2015 8:09:56,9/3/2015 8:10:21,4ccdc41b42,
e669a351804ddad3ab431f85e8d128ed,1,1,,,,,,support@coincafe.com,,Coin Cafe,https://coincafe.com/,347-454-2646,33 Nassau Ave,Brooklyn,orders@coincafe.com,https://airbitz.co/biz/6687,yes,6687,9/3/2015 8:11:42,9/3/2015 8:12:21,a94570d516,
1f9312e4409a70be0bd745239d2ba54e,1,0,,,,,,,,Klimwinkel,http://www.klimwinkel.nl,31263704074,25 Amsterdamseweg,Arnhem,info@klimwinkel.nl,https://airbitz.co/biz/7654,yes,7654,9/3/2015 8:14:12,9/3/2015 8:14:35,c598217014,
fe2d4003b7525e6b0c40ccb20d145af1,1,1,Bit2Bit,,,123 Melbourne Street,,,,Bitcoin ATM,http://bit2bit.co,,25 Glenelg St,South Brisbane,sales@bit2bit.co,https://airbitz.co/biz/5746,yes,5746,9/3/2015 8:18:33,9/3/2015 8:19:48,216abbab97,
67a461ecf5a7d49e79ae26230fb84ff8,1,0,,,,,,,,Intelligent Car Leasing,http://www.intelligentcarleasing.com/,8443872727,"Skypark 1, 8 Elliot Square",Glasgow,info@intelligentcarleasing.com,https://airbitz.co/biz/6845,yes,6845,9/3/2015 8:22:57,9/3/2015 8:23:05,d5d585082e,
63034a865a5f534f78fcffb49f3a0853,1,0,,,,,,,,Fun Loom Bracelets,http://bracelets.mariadana.com/,34974486793,32 Calle Santa Cruz,Broto,info@mariadana.com,https://airbitz.co/biz/6129,yes,6129,9/3/2015 8:23:42,9/3/2015 8:25:42,a6f525af51,
d25657033aef564f61bd141155d60b5a,1,0,,,,,,,,Barneys Farm Cannabis Seeds,https://www.barneysfarmshop.com,31062526656,11 Prins Hendrikkade,Amsterdam,shop@barneysfarmshop.com,https://airbitz.co/biz/8850,yes,8850,9/3/2015 8:30:07,9/3/2015 8:30:33,b4936d1b9c,
a5323e105a0b58c41a18c482f6f792b0,1,1,Noch3 - Fuctional Training and Performance Center,,491635810977,Wilhelm-Mauser-Str. 55,,Tillmann@Noch3.de,,Noch3,http://noch3.de/,4901632330474,55 Wilhelm-Mauser-Straße,Cologne,mail@noch3.de,https://airbitz.co/biz/3787,yes,3787,9/3/2015 8:27:09,9/3/2015 8:31:22,1a4e9154ab,
b69fd24fd1f8954adb63b3fe1596239b,1,1,We have changed name to DutyFreeDigital and our new site is dutyfreedigital.com. CoinsForTech redirects to here now.,http://dutyfreedigital.com,,,,help@dutyfreedigital.com,,CoinsForTech,http://coinsfortech.com,,171 Musgrave Road,Red Hill,support@coinsfortech.com,https://airbitz.co/biz/1289,yes,1289,9/3/2015 8:41:19,9/3/2015 8:42:26,4e8fa063fc,
d7d1819d84c67180a725ba3c559a2938,1,1,,,,18 Swan Street,,,"Also Global Tribe Crystals at the same address as the cafe,selling gifts and incense.",Global Tribe Cafe,http://www.globaltribecafe.com/,1133184289,8 Swan St,Leeds,globaltribecafe@gmail.com,https://airbitz.co/biz/9933,yes,9933,9/3/2015 8:44:29,9/3/2015 8:47:41,c9825a137d,
a6daf8576cba0512e748fff1d62a93b6,1,0,,,,,,,,Cut It Out Wall Stickers,http://www.cutitoutwallstickers.co.uk/,8008527152,,London,contact@cutitoutwallstickers.co.uk,https://airbitz.co/biz/7878,yes,7878,9/3/2015 9:00:06,9/3/2015 9:00:18,a1a33b8d7d,
5071518992a2a8faffdf99d856d0013c,1,1,,,,,,,"what's that about?, i dont remember our company has this service or applied for it, im watching about your services. i was watching the business directory and you dont have chile (where we're placed) or south america, only brazil and argentina. i want to learn more about the directory",Emdyp,http://www.emdyp.me/,,,Antofagasta,mailbox@emdyp.me,https://airbitz.co/biz/1178,yes,1178,9/3/2015 8:49:00,9/3/2015 9:01:42,5e02f70d4e,
028274d5f076806d1a05b99d1cd152b0,1,1,Grow! Shop Darmstadt,,,,,,,Grow,http://growshopda.de/,4906151953122,Elisabeth Strasse 34,Darmstadt,growshopda@yahoo.de,https://airbitz.co/biz/43,yes,43,9/3/2015 9:01:14,9/3/2015 9:02:10,3a9d88be7d,
2a954e2049ac46c1e51f28da4c4aefe1,0,,,,,,,,,Blockchain,http://blockchain.info/,,,,social@blockchain.info,https://airbitz.co/biz/3395,no,3395,9/3/2015 9:14:42,9/3/2015 9:14:47,fee78f76f6,12
b4d524bbc00d2f7020ce6dbc52c7e334,1,1,,,381684070362,Serbia,Nis,,,HostingBuY,http://www.hostingbuy.net,381604076644,,,profile@hostingbuy.net,https://airbitz.co/biz/7646,yes,7646,9/3/2015 9:08:10,9/3/2015 9:14:56,a08fbfed4e,
8d447d2a99acb39a1188b58f336ca04d,1,0,,,,,,,,Peacock Financial Inc.,http://peacockfinancial.com,615-783-0050,2723 Berrywood Dr,Nashville,jessica@peacockfinancial.com,https://airbitz.co/biz/7372,yes,7372,9/3/2015 9:15:03,9/3/2015 9:15:17,ee339a2e33,
c951bb28c18155ed3ca1129d4f8a852f,1,0,,,,,,,,True Web Presence,http://truewebpresence.com/,,,,steve@truewebpresence.com,https://airbitz.co/biz/7016,yes,7016,9/3/2015 9:15:10,9/3/2015 9:15:33,d7529b5cdf,
be071da7889fca243802cd46ec06a772,1,0,,,,,,,,BOOMCHOK! RECORDS,http://boomchok.com/,,,Phoenix,stevehl25@gmail.com,https://airbitz.co/biz/8129,yes,8129,9/3/2015 9:15:57,9/3/2015 9:16:05,d7529b5cdf,
e984e2646d076082a459aaa7acf26502,1,0,,,,,,,,Hotel Modez,http://www.hotelmodez.org/,310264420993,1 Putstraat,Arnhem,receptie@hotelmodez.nl,https://airbitz.co/biz/7653,yes,7653,9/3/2015 9:16:50,9/3/2015 9:17:15,5d6b96a80d,
1e4c55e2041d115d9a846ff195bc4a24,1,1,,https://ringplus.net,,468 N. Camden Dr,Beverly Hills,,,RingPlus,http://ringplus.net/,310-919-0915,1800 Century Park E,Los Angeles,info@ringplus.net,https://airbitz.co/biz/6978,yes,6978,9/3/2015 9:20:02,9/3/2015 9:20:49,dbbf04ae6e,
8660bd4143759f817c2f3908adf8227a,1,0,,,,,,,,Otherland,http://otherland-berlin.de/,3069505117,Bergmannstraße 25,Berlin,service@otherland-berlin.de,https://airbitz.co/biz/129,yes,129,9/3/2015 9:21:20,9/3/2015 9:21:46,e096fa2e40,
f9031c499cdb52846ea4c02de335a6b8,1,0,,,,,,,,Guru Technologies,http://www.gurutechnologies.net,801-528-1195,1645 Hwy 193,Layton,contactus@gurutechnologies.net,https://airbitz.co/biz/5806,yes,5806,9/3/2015 8:06:24,9/3/2015 9:22:00,852b20aae2,
440ab3c60e4fd417afcdd0ded6ed5969,1,1,Deltagram Retouching Studio,,,"Fockygasse 24/6A, 1120 Vienna",,mail@deltagram.eu,,Deltagram,http://deltagram.eu/,4369911334590,Sonnenweg 89,Vienna,mail@deltagram.at,https://airbitz.co/biz/922,yes,922,9/3/2015 9:23:39,9/3/2015 9:25:09,2360a7c165,
493213d9e94921670cb41afc3ff5bb3c,1,1,Duck and Dive Pub,,,,,,,Duck and Dive,,910-399-2866,114 Dock St,Wilmington,duckanddivepub@gmail.com,https://airbitz.co/biz/2153,yes,2153,9/3/2015 9:24:58,9/3/2015 9:26:11,7b7019ba42,
ae945d1e0bc72c3413da8b0f603d3f52,1,0,,,,,,,,Thinking of Holland,http://thinkingofholland.com,31204191229,23 Piet Heinkade,Amsterdam,contact@thinkingofholland.com,https://airbitz.co/biz/5774,yes,5774,9/3/2015 9:32:03,9/3/2015 9:32:16,9ab44a77dd,
b143efca90b0348344e3e71da3c8fa4a,1,0,,,,,,,,Bakers Lane,,61363342414,81 York St,Launceston,bakerslane@outlook.com,https://airbitz.co/biz/8835,yes,8835,9/3/2015 9:33:20,9/3/2015 9:33:34,4c548d7cdf,
eab891d6841da4f2fb5617c734d1a7b6,0,,,,,,,,,Online Presence,http://onlinepresence.ie/,353858726602,,Wicklow,info@onlinepresence.ie,https://airbitz.co/biz/6564,no,6564,9/3/2015 9:35:17,9/3/2015 9:35:24,27af43a5b5,13
6b654e833a37e3e77172077b907ed335,1,1,,,,,,,,Mycelium,http://mycelium.com/,43018906348,16 Ungargasse,Vienna,info@mycelium.com,https://airbitz.co/biz/6456,yes,6456,9/3/2015 9:39:45,9/3/2015 9:40:20,453e68e822,
165af7ba62cac3460bb6739f9b2b476e,1,1,,,,,,,,Freerein Riding Holidays,http://www.free-rein.co.uk,1497821356,The Coach House,Clyro,trails@freerein.co.uk,https://airbitz.co/biz/1052,yes,1052,9/3/2015 9:28:39,9/3/2015 9:43:13,3dfd7598ac,
9963530ff9f405e05796df555e028bb2,1,0,,,,,,,,Green Admin IT,http://www.greenadmin.de,49052178596216,Osnabrückerstr 79,Bielefeld,info@greenadmin.de,https://airbitz.co/biz/1279,yes,1279,9/3/2015 9:48:17,9/3/2015 9:48:37,2853143061,
bc112cad79d0beb2ccaf59bba97d1b8f,1,1,,,,,,,,Design Industries,http://www.di.net.au/,611300736363,268 Rosslyn St,West Melbourne,info@di.net.au,https://airbitz.co/biz/717,yes,717,9/3/2015 9:47:47,9/3/2015 9:48:47,9eec0b0e80,
600a512d03e0b2a55b24b00114dc157a,1,0,,,,,,,,Toys from my Attic,http://www.toysfrommyattic.com,,P.O. Box 1226,Royal Oak,mail@toysfrommyattic.com,https://airbitz.co/biz/3015,yes,3015,9/3/2015 9:51:00,9/3/2015 9:51:19,a579950327,
40e1675218d5860a57cba9bc83258c95,0,,,,,,,,,Bitcoin ATM,http://southeastbitcoin.com/,828-773-6769,301 Meeting St,Charleston,info@southeastbitcoin.com,https://airbitz.co/biz/5134,no,5134,9/3/2015 10:02:21,9/3/2015 10:02:27,f2db1164e7,14
ca13f92e63959de1708c38b6f3ac2d90,1,1,,,,,,hello@telcogreen.com.au,,TelcoGreen,http://www.telcogreen.com,611800669887,,Mullumbimby,info@telcogreen.com.au,https://airbitz.co/biz/2216,yes,2216,9/3/2015 10:03:51,9/3/2015 10:04:41,1dd77e092b,
1cb845397bc06914c800a9ecbb9aab95,1,0,,,,,,,,Tim Sommers Law Firm,http://www.tsommerslaw.com/,888-413-5860,3102 Maple Ave Ste 400,Dallas,tim@tsommerslaw.com,https://airbitz.co/biz/6484,yes,6484,9/3/2015 10:11:23,9/3/2015 10:11:36,46f953aa2a,
8af23075d6538533abb0699f5c188146,0,,,,,,,,,Residencial Castor Apart-Hotel,http://www.residencialcastor.com.br,8420300823,9499 Rua Praia de Guajiru,Natal,residencialcastor@hotmail.com,https://airbitz.co/biz/2120,no,2120,9/3/2015 10:27:31,9/3/2015 10:27:41,bb6433cce5,15
f414201868df14bc96011242fea11ccb,1,0,,,,,,,,Ferg's Sports Bar & Grill,http://fergssportsbar.com/,727-822-4562,1320 Central Ave,St Petersburg,info@FergsSportsBar.com,https://airbitz.co/biz/7487,yes,7487,9/3/2015 10:28:02,9/3/2015 10:28:28,4bbb9ac5d7,
7fe6ab33bf64559067872db11faa0a10,1,0,,,,,,,,Triple Crossing Brewing Company,http://www.triplecrossingbeer.com/,804-308-0475,113 S Foushee St,Richmond,info@TripleCrossingBeer.com,https://airbitz.co/biz/6613,yes,6613,9/3/2015 10:28:38,9/3/2015 10:28:52,7f4fbf496b,
5d72333e855c49305e8b51ec0e80fe4b,1,1,,http://www.facebook.com/PapeleraPailacura,,,,bolsaverde@gmail.com,,Papelera Pailacura,,542804421621,453 Edison,Trelew,pailacura@gmail.com,https://airbitz.co/biz/610,yes,610,9/3/2015 10:26:32,9/3/2015 10:41:48,c682adebc5,
3c16aa4ee3d8e997852445db67b175e6,0,,,,,,,,,Fifth Dimension Tattoo & Piercing,http://www.fifthdimensiontattoo.co.uk/,442076132736,16 Bacon St,London,fifthdimensiontattoo@yahoo.co.uk,https://airbitz.co/biz/8143,no,8143,9/3/2015 10:42:16,9/3/2015 10:42:25,968b92321c,16
ab9a964d925e066cf031a96b0b110cbc,1,0,,,,,,,,Overhauser Law Offices,http://www.overhauser.com/,877-478-0496,101 W Ohio St Ste 2000,Indianapolis,requestinfo@overhauser.com,https://airbitz.co/biz/5923,yes,5923,9/3/2015 10:48:01,9/3/2015 10:48:17,f79f9ce380,
9689b72eee97a13c2ca12070532d493a,1,0,,,,,,,,Overhauser Law Offices,http://www.overhauser.com/,877-478-0496,740 Green Meadows Dr Ste 300,Greenfield,requestinfo@overhauser.com,https://airbitz.co/biz/5713,yes,5713,9/3/2015 10:48:52,9/3/2015 10:49:03,f79f9ce380,
449b7722f3ac3409f22ae469fe129312,1,1,,,,,,,Working hours: Monday 13:00-19:00 Tue-Fri 10-19:00 Sat 10-13:00,Nyon Acupuncture,http://www.nyonacupuncture.com,41795059447,11 Rue de la Gare,Nyon,mattepps@nyonacupuncture.com,https://airbitz.co/biz/1223,yes,1223,9/3/2015 10:48:39,9/3/2015 10:50:05,d2ee5315e7,
b5dc7b9e13d53dd8799d4367e0ce9b68,1,0,,,,,,,,RU4ME Pet Rescue,http://ru4mepetrescue.rescuegroups.org/,561-736-1313,,Lake Worth,ru4mepetrescue@yahoo.com,https://airbitz.co/biz/8350,yes,8350,9/3/2015 10:55:13,9/3/2015 10:56:16,d75192fba4,
14e7fd95c356a52f7c8ca581395f723a,1,0,,,,,,,,Triple Crossing Brewing Company,http://www.triplecrossingbeer.com/,804-308-0475,113 S Foushee St,Richmond,info@TripleCrossingBeer.com,https://airbitz.co/biz/6613,yes,6613,9/3/2015 11:04:29,9/3/2015 11:04:42,ba724f8386,
dfda85eb9cd3828c610703d2bbf22d74,1,0,,,,,,,,AU Trading,https://autrading.co.uk/home.php,917-470-9350,,,sales@autrading.us,https://airbitz.co/biz/5142,yes,5142,9/3/2015 10:59:42,9/3/2015 11:05:25,7f6e95275e,
4594ac0a169225f1f0a7c393c5fe037c,1,1,,,,,,,,Memories Renewed,https://www.memoriesrenewed.com,763-571-4713,6299 University Ave Northeast,Minneapolis,info@memoriesrenewed.com,https://airbitz.co/biz/7438,yes,7438,9/3/2015 11:05:58,9/3/2015 11:06:26,2cf1614a36,
9ea04738dad2792d1508f2018dd4d4ed,1,1,,,436503431337,,9872 Millstatt,,,Villa Parkschlössl,http://www.parkschloessl.com,36503431337,108 Schwarzstraße,Salzburg,sommerfrische@parkschloessl.com,https://airbitz.co/biz/3169,yes,3169,9/3/2015 11:05:16,9/3/2015 11:06:29,0c0bd5c39e,
20133004613b17cf714a5ebc79e644cb,1,0,,,,,,,,Portobello Cafe,http://www.portobellocafesi.com,718-356-2233,4221 Hylan Blvd,Staten Island,george.levit@me.com,https://airbitz.co/biz/9557,yes,9557,9/3/2015 11:08:58,9/3/2015 11:09:14,b1bfd198b1,
4ccf9d43e04c0708ae0c84a04619d679,1,0,,,,,,,,BitQuick,https://www.bitquick.co,,,,orders@bitquick.co,https://airbitz.co/biz/8133,yes,8133,9/3/2015 11:11:41,9/3/2015 11:11:57,ac4d781e67,
a25c4053317abf6ee9560dda8dd2a3c8,1,1,,,,,,,,Joules of Nature,http://www.joulesofnature.com/index.html,920-332-4549,N7155 Winnebago Dr,Fond du Lac,sales@joulesofnature.com,https://airbitz.co/biz/6037,yes,6037,9/3/2015 11:14:35,9/3/2015 11:15:19,391c8654a0,
2bfa184116d33bf2f6d97c2609f4b7ba,0,,,,,,,,,Tacoteca,http://www.tacoteca.ch/,41612713184,12 Viaduktstrasse,Basel,info@tacoteca.ch,https://airbitz.co/biz/3458,no,3458,9/3/2015 11:15:16,9/3/2015 11:15:30,e4dee4611e,17
6ccb5cbb394131311e6b7540158c62d3,1,1,,,,"new address as of Oct. 15, 2015:32 N Main, Newmarket",,,,cynthia design studios,http://cdstudio503.weebly.com/,603-343-1001,503 Central Ave,Dover,503@earthlink.net,https://airbitz.co/biz/6813,yes,6813,9/3/2015 11:14:35,9/3/2015 11:17:08,ccae213047,
0aeda891fde93bcdcadeb29c921cdfb2,0,,,,,,,,,King of Shaves,http://www.shave.com/,441494671411,10 Penn Rd,Beaconsfield,care@shave.com,https://airbitz.co/biz/6460,no,6460,9/3/2015 11:17:13,9/3/2015 11:17:19,c8384c8019,18
fc2f8a13d9fdb5d1afd81730b3c0ba50,0,,,,,,,,,Poyomi,http://www.poyomi.com/,,,,info@poyomi.com,https://airbitz.co/biz/7468,no,7468,9/3/2015 11:20:49,9/3/2015 11:20:53,7efc0ae794,19
9a9b6c8c632a0b6c050c2d875612ddfc,1,0,,,,,,,,Baron Fig,http://www.baronfig.com/,,21st St Studio 205A,Queens,hello@baronfig.com,https://airbitz.co/biz/6493,yes,6493,9/3/2015 11:23:41,9/3/2015 11:23:58,e0a5caa7cd,
8a397f43d8611b80e1238e35f202ea60,1,0,,,,,,,,Rise Biscuits & Donuts,http://risebiscuitsdonuts.com/,919-248-2992,8200 Renaissance Pkwy,Durham,jchirak@yahoo.com,https://airbitz.co/biz/5049,yes,5049,9/3/2015 11:25:57,9/3/2015 11:26:16,40c1920833,
dc82484ce6c37b42a5e443fe20fa3695,1,0,,,,,,,,Batch,https://www.batchbrew.co.uk/,7917035625,,,info@batchbrew.co.uk,https://airbitz.co/biz/9503,yes,9503,9/3/2015 11:27:19,9/3/2015 11:27:48,d4b40ca74b,
76d03ec3f0b4f4159ffb3b7112385931,1,0,,,,,,,,Global Vip Transfer S.A.,http://www.global-vip-transfer.com,548005555488,2656 Urquiza,Rosario,reservas@globalvip.com.ar,https://airbitz.co/biz/6724,yes,6724,9/3/2015 11:31:02,9/3/2015 11:31:22,2683bb4394,
fdb8856d3eca0b7ceddd395d62339f24,1,1,,,,,,,,The Great Lost Bear,http://greatlostbear.com/,207-772-0300,540 Forest Ave,Portland,bear@greatlostbear.com,https://airbitz.co/biz/8224,yes,8224,9/3/2015 11:31:59,9/3/2015 11:32:25,e90d841276,
c6c906505434a921e25dc4a26abe0b82,1,1,,,,,,,,Chel's Children,http://chelschildren.org/,,8229 Boone Blvd,Vienna,rochel@chelschildren.org,https://airbitz.co/biz/8338,yes,8338,9/3/2015 11:33:31,9/3/2015 11:34:35,2cac1ec9e4,
bc7c0eebff9041f5d5fd7cc35a84830d,1,1,,,,,,,,Bitinvest,https://www.bitinvest.com.br/,,152 - Conj 42 Rua Ramos Batista,São Paulo,relacionamento@bitinvest.com.br,https://airbitz.co/biz/6128,yes,6128,9/3/2015 11:34:41,9/3/2015 11:35:08,50531b8afb,
5a2d6786beb1528c3c8deca73b7974b2,1,1,,,,,,,"Change Friday hours to 8:30 to 3:30. We don't just accept Bitcoin, we prefer it.",Roberts & Roberts,http://rrbi.co/,850-478-5270,1510 Airport Blvd,Pensacola,info@rrbrokerageinc.com,https://airbitz.co/biz/6446,yes,6446,9/3/2015 11:35:16,9/3/2015 11:37:08,beba1c40ff,
ad413ba19074300016093ab012c283d9,1,1,,,,,,,,Bonacquisti Wine Co.,http://www.bonacquistiwine.com/,303-477-9463,4640 Pecos St Unit 1,Denver,paul@denverwine.net,https://airbitz.co/biz/7712,yes,7712,9/3/2015 11:38:05,9/3/2015 11:39:15,2d80f1e4dc,
80ba68cda43876c33e31faf646c4b3d2,0,,,,,,,,,Handig Neefje,http://handigneefje.com/,,16 Fellinistrook,Zoetermeer,contact@handigneefje.com,https://airbitz.co/biz/808,no,808,9/3/2015 11:40:45,9/3/2015 11:40:51,ac84f37caa,20
491f0fe8fb2e82a5260dbecd1aea2631,1,0,,,,,,,,Cord Shoes + Boots,http://cordshoes.com/,,,,contact@cordshoes.com,https://airbitz.co/biz/6989,yes,6989,9/3/2015 11:41:38,9/3/2015 11:42:01,8debc3d094,
30b21381bc559278734faf2421077de3,1,0,,,,,,,,Cryptoart,http://cryptoart.com/,713-594-8769,,The Woodlands,kymmer769@gmail.com,https://airbitz.co/biz/8656,yes,8656,9/3/2015 11:46:45,9/3/2015 11:47:01,9cf8a87a70,
9a8b7a1cde60ae40993e68c4965ec5c0,1,1,,,+55 16 31166920,,,,,HyperBit,http://www.hyperbit.com.br/,,560 R. Iwagiro Toyama,São Carlos,hyperbit@outlook.com.br,https://airbitz.co/biz/8274,yes,8274,9/3/2015 11:47:45,9/3/2015 11:48:40,e5aa6233fb,
208d68799a31819157644d438c50f4f3,1,0,,,,,,,,Voyage Vasco Infini,http://vasco-infini.com/,1-844-463-4640,1436 Rue Roberval,Saint-Bruno-de-Montarville,it@vasco-infini.com,https://airbitz.co/biz/9272,yes,9272,9/3/2015 11:50:32,9/3/2015 11:50:52,f469cd009c,
c1852c7d2a0d54163b0381aa9ff97549,1,1,,,,,,,,Creative Clay,http://www.creativeclay.org/,727-825-0515,1114 Central Ave,St Petersburg,Kim@Creativeclay.org,https://airbitz.co/biz/9104,yes,9104,9/3/2015 11:53:26,9/3/2015 11:54:06,4919c3293e,
67fb887f3220bedbef1a599d6ee9b879,1,1,,,207-587-4832,,,,,U Build It,http://www.maineloghome.com/,207-587-2145,1386 Mercer Rd,Mercer,contact@thewoodmillofmaine.com,https://airbitz.co/biz/9631,yes,9631,9/3/2015 11:54:36,9/3/2015 11:55:13,d26174903a,
13aa25f5a54e95505118a1395cc16580,1,1,,,,,Philadelphia,,,Wicky Design,http://wickydesign.com/,813-480-8499,,Tampa,mark@wickydesign.com,https://airbitz.co/biz/7445,yes,7445,9/3/2015 11:58:28,9/3/2015 11:59:05,b8912c53ae,
ac46e1d9e85d5fbe3b04fef8dc269447,1,1,,,,,Philadelphia,,,Wicky Design,http://wickydesign.com/,813-480-8499,,Tampa,mark@wickydesign.com,https://airbitz.co/biz/7445,yes,7445,9/3/2015 11:59:28,9/3/2015 11:59:59,b8912c53ae,
917d54668b5c48a9b4e79e2a69172abc,1,1,,,,,Philadelphia,,,Wicky Design,http://wickydesign.com/,813-480-8499,,Tampa,mark@wickydesign.com,https://airbitz.co/biz/7445,yes,7445,9/3/2015 12:00:24,9/3/2015 12:01:19,b8912c53ae,
8a4050fe246689052ff54558a77bfcd0,1,0,,,,,,,,Waterbean Coffee,http://www.waterbeancoffee.com,828-305-9999,19420 Jetton Rd,Cornelius,waterbeancoffee@gmail.com,https://airbitz.co/biz/1599,yes,1599,9/3/2015 12:02:09,9/3/2015 12:02:30,f88e410a23,
e12a64edfff38b0c9c6827549c58fe46,1,0,,,,,,,,Steak 'n Hoagie Shop,http://www.steaknhoagie.com/,704-821-8574,1542 Stallings Rd,Matthews,pete@steaknhoagie.com,https://airbitz.co/biz/9569,yes,9569,9/3/2015 12:13:53,9/3/2015 12:14:10,3557a000c7,
deeb92bb6c686ec7bf47b61989807e61,1,0,,,,,,,,Bitcoin Association of Australia,https://www.bitcoin.asn.au/,433600104,,,board@bitcoin.asn.au,https://airbitz.co/biz/8833,yes,8833,9/3/2015 12:15:26,9/3/2015 12:15:39,896cac643b,
bf88fa984b6e72e0ec9b29ce14b12145,1,0,,,,,,,,Young Living Essential Oils,http://onepagerapp.com/by01,269-823-8325,30425 Joy Rd,Westland,rsortzi@yahoo.com,https://airbitz.co/biz/9508,yes,9508,9/3/2015 12:18:45,9/3/2015 12:18:54,45965cec77,
fc6b022d292008c2310899c9da2daa26,1,1,,,985-240-4160,,,,,"Monti Notary Services, LLC",http://montinotary.com/,985-240-4114,12715 U.S. 90 Ste 160C,Luling,info@montinotary.com,https://airbitz.co/biz/5238,yes,5238,9/3/2015 12:19:11,9/3/2015 12:19:58,fb983921c9,
c2c497e7b8a94d993935be1c3146b7b9,1,1,,,,,,,,Garris Spine Center,http://drgarris.com/,803-466-5338,2300 Devine St,Columbia,drgenegarris@alumni.clemson.edu,https://airbitz.co/biz/3737,yes,3737,9/3/2015 12:19:41,9/3/2015 12:20:29,fd4b148677,
7723bb0e38f829054ce282412f6d79c1,1,1,Imprint184,,,184 Second st,,,,imPRINT,http://www.imprintcp.com/,415-896-9321,603 Mission St,San Francisco,order@imprintcp.com,https://airbitz.co/biz/8500,yes,8500,9/3/2015 12:28:40,9/3/2015 12:29:58,20d2011ed7,
b4e62f80018627c900f600b61a3dc62a,1,1,,,,,,,,VPN HT,https://vpn.ht/,#ERROR!,,,support@vpn.ht,https://airbitz.co/biz/10179,yes,10179,9/3/2015 12:29:44,9/3/2015 12:30:17,fbf57ffe0b,
595e137afa1e1b16bab36d677b3294c0,1,0,,,,,,,,AFK Apparel,http://www.afkapparel.co.uk/,#ERROR!,211 Wroxham Road,Norwich,contact@afkapparel.co.uk,https://airbitz.co/biz/3735,yes,3735,9/3/2015 12:32:22,9/3/2015 12:32:33,e61feb04be,
7d2095de0e7300aa1a0529e5ebd8d708,1,0,,,,,,,,ATMOS Marketing,http://www.atmosmarketing.com/,519-266-6765,717 Richmond St Ste 206,London,success@atmosmarketing.com,https://airbitz.co/biz/6004,yes,6004,9/3/2015 12:33:10,9/3/2015 12:33:21,1b4a22659a,
f4224abcab7066df5997f332765971cf,0,,,,,,,,,Diesel & Duke,http://www.dieselandduke.com/,732-246-1001,139 Easton Ave,New Brunswick,kevin@dieselandduke.com,https://airbitz.co/biz/7143,no,7143,9/3/2015 12:34:16,9/3/2015 12:34:22,8727f4e8b5,21
66ce3971429a7d00a45edd4e82c3ef2f,1,0,,,,,,,,Maitri Wellness,http://www.maitriwellness.ca,604-229-3299,1814 Pandora St,Vancouver,adelie@maitriwellness.ca,https://airbitz.co/biz/5616,yes,5616,9/3/2015 12:37:22,9/3/2015 12:37:34,778185bb3e,
da43d527a21ce30214369bb18aca8c68,1,0,,,,,,,,Bitroad,http://bitroad.co.uk/,,,,info@bitroad.co.uk,https://airbitz.co/biz/5148,yes,5148,9/3/2015 12:40:18,9/3/2015 12:40:38,48ca5d852a,
edd0a01ffd555944943a002a74a080cf,1,0,,,,,,,,Bardo Farm,http://bardofarm.com/,,92 Forehand Rd,Croydon,Info@BardoProject.com,https://airbitz.co/biz/6695,yes,6695,9/3/2015 12:46:16,9/3/2015 12:46:26,fd0cc47ef6,
e599f4315d6eb68bd65fdac2d3119ffd,1,0,,,,,,,,Omni Nano,http://www.omninano.org/index.php/donate,424-248-8707,11835 W Olympic Blvd Ste 1155-E,Los Angeles,info@omninano.org,https://airbitz.co/biz/5078,yes,5078,9/3/2015 12:52:12,9/3/2015 12:52:41,dace14fd1b,
1a09af5b4d502e7de1d8ce93490406e5,1,0,,,,,,,,Princeton Opera Alliance,http://www.princetonopera.org/,609-436-9993,,Princeton,info@princetonopera.org,https://airbitz.co/biz/8349,yes,8349,9/3/2015 12:52:52,9/3/2015 12:53:03,f983bd6f06,
7748f1706f96b2ca37a6169243232a4a,0,,,,,,,,,Calling Card One,http://callingcardone.com,248-690-9923,500 North Lapeer Rd,Orion Township,sales@gmwirelessllc.com,https://airbitz.co/biz/5362,no,5362,9/3/2015 12:59:50,9/3/2015 12:59:56,952e29e694,22
81cc7d647b8712f55d329b04cc741ccc,1,0,,,,,,,,Official BBQ & Burgers,http://www.officialbbq.net/,717-564-2152,6295 Lyters Ln,Harrisburg,pitboss@officialbbq.net,https://airbitz.co/biz/5681,yes,5681,9/3/2015 13:03:42,9/3/2015 13:04:00,e2501afad2,
3acdd158c3f7d0cf608b65eb78607ddb,1,1,,,,,,,,DriveWealth,https://drivewealth.com,1-800-461-2680,97 Main St,Chatham Township,support@drivewealth.com,https://airbitz.co/biz/8885,yes,8885,9/3/2015 13:04:54,9/3/2015 13:05:22,a8bc6edb31,
c989e53e07531d5deb8a3f80b2001ba0,1,1,,http://blindtigerybor.com,,,,,,The Blind Tiger Cafe,,813-540-2233,1901 E 7th Ave,Tampa,hello@blindtigerybor.com,https://airbitz.co/biz/8953,yes,8953,9/3/2015 12:45:39,9/3/2015 13:08:49,0e9c8514ee,
9d816b103bde689ac2adb913be31f5d3,1,1,,,,,,,,Cosmo Bar + Lounge,http://www.cosmo-bar.de/,8721910780,68 Landshuter Straße,Eggenfelden,peter@cosmo-bar.de,https://airbitz.co/biz/3620,yes,3620,9/3/2015 13:11:46,9/3/2015 13:12:39,77fa9a19a0,
b15a9acc45dbf99910e43f0c3d8c9b8b,1,1,,,,,,support@satoshitango.com,,SatoshiTango,https://www.satoshitango.com/,,,,info@satoshitango.com,https://airbitz.co/biz/6842,yes,6842,9/3/2015 13:16:09,9/3/2015 13:16:54,3c5284b208,
2943570af5be25694eea957dc7f5855f,1,0,,,,,,,,Demand Food,https://demandfood.com,512-366-3260,100-150 West 4th St,Austin,hi@demandfood.com,https://airbitz.co/biz/6904,yes,6904,9/3/2015 13:18:33,9/3/2015 13:18:53,abe7cf7ec5,
a4bf66ad909c30cdf03aaac18df0a5c2,1,0,,,,,,,,Meyer's House of Sweets,http://meyershouseofsweets.com/,727-397-3663,12930 Village Blvd,Madeira Beach,scott@meyershouseofsweets.com,https://airbitz.co/biz/9202,yes,9202,9/3/2015 13:19:53,9/3/2015 13:20:19,6c8530df75,
91ac00348627c7f36f1837b977c60898,1,1,,,,,,,,Everyday Eclectic,http://everydayeclectic.com/,423-521-0326,3903 Volunteer Dr Ste 5,Chattanooga,info@everydayeclectic.com,https://airbitz.co/biz/5098,yes,5098,9/3/2015 13:20:24,9/3/2015 13:21:06,d1d07c17a4,
91bb8636605313bb17663e612c8b1129,1,0,,,,,,,,Bardo Farm,http://bardofarm.com/,,92 Forehand Rd,Croydon,Info@BardoProject.com,https://airbitz.co/biz/6695,yes,6695,9/3/2015 13:08:38,9/3/2015 13:21:08,fd0cc47ef6,
0af78f84fc2bbdde1c5e2cdd9dfdfdeb,0,,,,,,,,,EcoBox,http://ecobox.com/,210-957-8833,3816 Binz-Engleman Rd B 101,San Antonio,purchasing@ecobox.com,https://airbitz.co/biz/7925,no,7925,9/3/2015 13:24:45,9/3/2015 13:24:52,2c4ddea46e,23
bad56698e99a8fa3652617e4566c8bc5,0,,,,,,,,,Super Black Laquers,http://superblacklacquers.com/,,,Columbus,natalie@superblacklacquers.com,https://airbitz.co/biz/4884,no,4884,9/3/2015 13:27:55,9/3/2015 13:28:01,5b4dd6e959,24
919581ad7bba16cfdc66918cc85955ab,0,,,,,,,,,Mega Chill Dispensary,,1-604-559-7101,644 Kingsway,Vancouver,Megachilllounge@gmail.com,https://airbitz.co/biz/8898,no,8898,9/3/2015 13:29:52,9/3/2015 13:29:58,8e80ab48c5,25
29de1ebc2fbd7a01e13ff078f8170a24,0,,,,,,,,,Swift Eyewear,http://www.swifteyewear.com/,1-888-388-3334,Kingsway,Vancouver,happytohelp@swifteyewear.com,https://airbitz.co/biz/6999,no,6999,9/3/2015 13:39:22,9/3/2015 13:39:30,2da9a7d49a,26
77407fcccec1f6933f47c677e682c3ae,1,0,,,,,,,,ATMOS Marketing,http://www.atmosmarketing.com/,519-266-6765,717 Richmond St Ste 206,London,success@atmosmarketing.com,https://airbitz.co/biz/6004,yes,6004,9/3/2015 13:43:22,9/3/2015 13:43:33,abd3e9111d,
cff4ccb19ea57075e98543fb043b9b8a,1,1,,,,241 Colborne St.,,,,ATMOS Marketing,http://www.atmosmarketing.com/,519-266-6765,717 Richmond St Ste 206,London,success@atmosmarketing.com,https://airbitz.co/biz/6004,yes,6004,9/3/2015 13:43:43,9/3/2015 13:44:18,abd3e9111d,
722bc0f4601c27b08907259011e918b3,1,1,APM Carpet & Upholstery Cleaning,,,,Coeur d Alene,,,APM Cleaning,http://apmcleaningcda.com/,208-777-7803,,,APMCleaning@APMCleaningCDA.com,https://airbitz.co/biz/10184,yes,10184,9/3/2015 13:51:41,9/3/2015 13:53:12,4c8271f578,
4d2ce477b0cf1a6bf9680c8da8c79fc5,0,,,,,,,,,Red Leaf,http://www.redleafchicago.com/,,,Chicago,support@theredleafgroup.com,https://airbitz.co/biz/9628,no,9628,9/3/2015 13:53:06,9/3/2015 13:53:13,368a392dd5,27
22b3848b06bd8dd2ffba16b12d9d2351,1,0,,,,,,,,Minick Law P.C.,http://www.minicklaw.com/,704-750-1394,7005 Shannon Willow Rd,Charlotte,minicklaw@gmail.com,https://airbitz.co/biz/8502,yes,8502,9/3/2015 13:54:24,9/3/2015 13:54:31,8fd8823f52,
3ac5f241fb480961db6541de50536431,1,1,,,1-855-979-9015,,"909 17th Avenue SW, 4th Floor",hello@saucal.com,,Saucal,http://www.saucal.com/,587-887-4706,909 17 Ave SW,Calgary,info@saucal.com,https://airbitz.co/biz/1177,yes,1177,9/3/2015 13:53:17,9/3/2015 13:54:41,ab1f4abb92,
6cef7438a7475c2a82cf35190f8955c6,1,0,,,,,,,,Minick Law P.C.,http://www.minicklaw.com/,828-333-5024,107 Merrimon Ave Ste 110,Asheville,minicklaw@gmail.com,https://airbitz.co/biz/8501,yes,8501,9/3/2015 13:54:39,9/3/2015 13:54:44,8fd8823f52,
f91e31708aa2fe7ed4cd7aaf97846a6f,1,0,,,,,,,,Minick Law P.C.,http://www.minicklaw.com/,704-323-8485,55 S New Hope Rd,Gastonia,minicklaw@gmail.com,https://airbitz.co/biz/8503,yes,8503,9/3/2015 13:54:48,9/3/2015 13:54:53,8fd8823f52,
6d654c0c8808feaacd754432493a5216,1,0,,,,,,,,Minick Law P.C.,http://www.minicklaw.com/,828-333-5024,258 N Main St,Waynesville,minicklaw@gmail.com,https://airbitz.co/biz/8504,yes,8504,9/3/2015 13:54:56,9/3/2015 13:55:01,8fd8823f52,
5d831730c6a2660e05d53a45f38297bf,1,0,,,,,,,,Marty's Place at Strawbridge Farm,http://www.martysplace.com/,650-533-9564,4667 S Strawbridge Ln,Langley,infofb@martysplace.com,https://airbitz.co/biz/7313,yes,7313,9/3/2015 13:59:24,9/3/2015 14:02:26,eadf28f440,
5cba38ccf93011b80b212897e4b6eb96,0,,,,,,,,,Devil's Kitchen,http://devils-kitchen.com,493069504014,11 Graefestraße,Berlin,info@devils-kitchen.com,https://airbitz.co/biz/91,no,91,9/3/2015 14:03:07,9/3/2015 14:03:19,169d0481ad,28
8a2bd0f32f3cbd5328ac6e25d9e3fee9,1,1,,,,,,,,Stretch,http://stretchvancouver.com/,1-778-819-6488,180 E Pender St,Vancouver,info@stretchvancouver.com,https://airbitz.co/biz/9208,yes,9208,9/3/2015 14:05:47,9/3/2015 14:06:23,7495f3c2c5,
68ce7d0161647fe1ef45da9cbd195946,1,1,Crypto-Kiosk - Bitcoin ATM Operator,,705-825-3825,,,,,Bitcoin ATM,http://www.crypto-kiosk.ca,,112 Spencer Avenue,North Bay,info@crypto-kiosk.ca,https://airbitz.co/biz/5768,yes,5768,9/3/2015 14:05:01,9/3/2015 14:07:16,7d9720d74e,
2faad510ed9c9079fcf1814d8dbbb1c2,1,1,,,314-736-4430,"23 North Gore Avenue, Suite 004",,,,Beanstalk Web Solutions,http://beanstalkwebsolutions.com,314-680-0214,,Webster Groves,info@beanstalkwebsolutions.com,https://airbitz.co/biz/1252,yes,1252,9/3/2015 14:07:14,9/3/2015 14:08:20,6ccdfb8593,
3b7ca38fe20bb6c4c3aa7a86da178bfa,1,1,,,,,,,,Jerry Mansfield's Back Bay Accounting & Tax,http://preptaxesonline.com/,617-578-0800,92 State St Flr 7 Ste 3,Boston,rgm1120@comcast.net,https://airbitz.co/biz/5986,yes,5986,9/3/2015 14:18:05,9/3/2015 14:18:59,81a9222cc0,
062c13b6fe32942fc581412bb3adb388,1,1,,,,,,,,Dallas Makerspace,http://dallasmakerspace.org,214-699-6537,1825 Monetary Ln Ste 104,Carrollton,info@dallasmakerspace.org,https://airbitz.co/biz/6751,yes,6751,9/3/2015 14:18:47,9/3/2015 14:19:21,1e21eedbcf,
c8c7507ef5089b36b9d594df92e220d4,1,1,,,,,,,,Food for Thoughts Cafe,http://www.foodforthoughtscafe.com/,619-602-5541,446 26th St,San Diego,kai@californiacurrywurstkings.com,https://airbitz.co/biz/10198,yes,10198,9/3/2015 14:21:39,9/3/2015 14:26:30,8486571f7e,
0baaeb1d9917baa2b5375fc9b7652be7,1,0,,,,,,,,Lojão Auto Center,https://lojaoautocenter.com,3732221066,R Pitangui 261,Divinópolis,contato@lojaoautocenter.com,https://airbitz.co/biz/9274,yes,9274,9/3/2015 5:47:14,9/3/2015 14:27:48,6075cb074b,
f65645553dca7b7f432d6761a798ad57,1,1,,http://www.dlbcycles.ie,834219241,,,,,Dlb Cycles Ltd,,,"Whiteheather Industrial Estate, S Circular Rd Unit 297",Dublin,info@dlbcycles.ie,https://airbitz.co/biz/9550,yes,9550,9/3/2015 14:27:32,9/3/2015 14:28:08,5d6f9440c6,
52deea2797bec7906add9e9f7c4813c5,1,0,,,,,,,,Bitcoin Consultant,http://bitcoinconsultant.net/,,,San Diego,steve@bitcoinconsultant.net,https://airbitz.co/biz/4989,yes,4989,9/3/2015 14:30:43,9/3/2015 14:30:56,6c07c1e31b,
14e22737ae78b96ee9d3bf28b6c7af75,1,1,,,https://www.facebook.com/ESTANCIAELLUGAR,,"Miramar, Provincia de Buenos Aires, Argentina",,,Estancia El Lugar,http://estanciaellugar.com/,,3800 Calle 37,Miramar,info@estanciaellugar.com,https://airbitz.co/biz/600,yes,600,9/3/2015 14:30:14,9/3/2015 14:36:18,b92b02a536,
d9fa85fa5c425c130458831c8c52067a,1,0,,,,,,,,Miami Hydroponics,https://miamihydro.com,866-907-5777,9370 Northwest 13th St,Doral,social@miamihydro.com,https://airbitz.co/biz/7518,yes,7518,9/3/2015 14:39:13,9/3/2015 14:39:25,805262c329,
4d71be590b344bfaefa1ca69952a81d6,1,1,,,,,,,,Kahuna's Bar and Grill,http://www.kahunasbarandgrill.com/,727-576-7800,10515 Gandy Blvd N,St Petersburg,kahunas@tampabay.rr.com,https://airbitz.co/biz/9117,yes,9117,9/3/2015 14:38:45,9/3/2015 14:39:28,82b681b37e,
3983026bfc47fed69eaabbb24474dc79,1,0,,,,,,,,Mycelium,http://mycelium.com/,43018906348,16 Ungargasse,Vienna,info@mycelium.com,https://airbitz.co/biz/6456,yes,6456,9/3/2015 14:39:37,9/3/2015 14:39:54,82beab581d,
4a96c57c7b15cdc297da063227c1ae07,1,1,Diesel's - die bar im dritten,,,,,,,Disel's - die bar im dritten,http://www.diesels.at/,,72 Rennweg,Vienna,office@diesels.at,https://airbitz.co/biz/5947,yes,5947,9/3/2015 14:40:10,9/3/2015 14:41:27,4714b4e42d,
d3b2d44f873a2edeb69ad6bd392fc672,0,,,,,,,,,US Plastics Recovery,http://www.usprecovery.com/,770-582-9616,1600 Cross Pointe Way Ste C,Duluth,service@usprecovery.com,https://airbitz.co/biz/6429,no,6429,9/3/2015 14:45:05,9/3/2015 14:45:16,e194641237,29
29872114050acfd26c0141fd9982945b,1,1,,,,1000 Town Center Drive #300,,,,Law Office of Charlotte C Lin,http://lincharlotte.com/,805-517-4529,,Oxnard,attorneycharlottelin@gmail.com,https://airbitz.co/biz/5862,yes,5862,9/3/2015 14:40:05,9/3/2015 14:48:43,9871df9b96,
06c888567f315c361e9cbc1ec66a97c2,1,1,O Chaveiro - 24 horas em Belo Horizonte,http://www.ochaveiro.com.br,,,,chaveirosegredo@gmail.com,,O Chaveiro,http://www.ochaveiro.com.br,3192017016,545 Rua Julita Nogueira Soares,Belo Horizonte,carimbos@ochaveiro.com.br,https://airbitz.co/biz/3536,yes,3536,9/3/2015 14:44:48,9/3/2015 14:49:42,6e443ce1e5,
040c05c677f4497b5bb7e314561df105,1,1,Clic Head,http://clichead.com,541130910510,Av. Bartolome Mitre 1003,"Moreno, Buenos Aires",,,Clic Head,http://clichead.com/,541152371334,1003 Bartolomé Mitre,Buenos Aires,info@clichead.com,https://airbitz.co/biz/7846,yes,7846,9/3/2015 14:41:30,9/3/2015 14:57:14,6ad11f05f0,
0537490f1e9a2c3a68d8235c0f19127a,1,1,,,,3719 Walnut Street,,,,Black Shirt Brewing Co,http://www.blackshirtbrewingco.com/,303-993-2799,719 Walnut St,Denver,info@blackshirtbrewingco.com,https://airbitz.co/biz/10027,yes,10027,9/3/2015 14:56:07,9/3/2015 14:57:18,d44f5b68cb,
a3641d56617288c6e220db1b9bcfee81,1,0,,,,,,,,Virtual Coin Box,https://virtualcoinbox.com/,,,,virtualcoinbox@gmail.com,https://airbitz.co/biz/7000,yes,7000,9/3/2015 14:57:34,9/3/2015 14:57:47,3e699cbd29,
36651616b3a21d71a839c5fb8eba0926,1,1,,,,,,,,CDXX,http://cdxx.co/,415-652-5450,5800 3rd St,San Francisco,fletcher@cdxx.co,https://airbitz.co/biz/8460,yes,8460,9/3/2015 14:59:24,9/3/2015 14:59:51,81e7c9feb0,
f1838e793397bf16c6d0d9a8a0a82346,1,0,,,,,,,,Provident Metals,http://www.providentmetals.com/,800-313-3315,15850 Dallas Pkwy,Dallas,Media@ProvidentMetals.com,https://airbitz.co/biz/7022,yes,7022,9/3/2015 15:01:42,9/3/2015 15:02:01,1b9f99e7c6,
858e09820d1ee6f35ca8ec2720627f12,1,1,,,,,,,,Carnicom Institute,http://carnicominstitute.org/,,,Wallace,info@carnicominstitute.org,https://airbitz.co/biz/8388,yes,8388,9/3/2015 14:59:18,9/3/2015 15:03:01,9c81f6431e,
bcaa8e48a27cfd04cc431ea36476d50a,1,1,,https://www.pexpeppers.com,7174808174,5702 ridgeview drive,harrisburg,info@pexpeppers.com,,PexPeppers,http://www.pexpeppers.com/,570-238-7628,132 Race St,Sunbury,info@pexpeppers.com,https://airbitz.co/biz/5614,yes,5614,9/3/2015 15:02:32,9/3/2015 15:03:21,716f46ea62,
6eef42847bf791a23aca8c198ffe4390,0,,,,,,,,,Dess México,http://www.dessmexico.com/,656-558-1505,San Juan del Río,Ciudad Juarez,ventas@dessmexico.com,https://airbitz.co/biz/3748,no,3748,9/3/2015 15:11:47,9/3/2015 15:11:54,de4e0acbdf,30
3f41fc26cf447b61cec09eb2f2aa3bc0,1,0,,,,,,,,Rustic Refinery,http://www.RusticRefinery.com/,514-214-9837,3235 Madison Rd,Cincinnati,James@RusticRefinery.com,https://airbitz.co/biz/5703,yes,5703,9/3/2015 15:18:40,9/3/2015 15:18:51,9ce78ee5ae,
5d9a689eedfcc20f2d5a2b395c1d101e,1,0,,,,,,,,Astutium,http://www.astutium.com/,#ERROR!,1 Poultry,London,sales@astutium.com,https://airbitz.co/biz/4962,yes,4962,9/3/2015 14:35:57,9/3/2015 15:20:29,c8326e5ac9,
9e852dd7d62bd951967312b33664a292,1,0,,,,,,,,SC Sports Therapy,http://scsportstherapy.com/,415-896-2273,61 New Montgomery St,San Francisco,lauracox.scsports@yahoo.com,https://airbitz.co/biz/9866,yes,9866,9/3/2015 15:26:45,9/3/2015 15:27:01,9a04f267c8,
4857e9aed1cdc30793088dc2a975747a,1,0,,,,,,,,RC Boca Hobbies,http://www.rcboca.com/,888-972-2622,109 Hillsboro Blvd,Deerfield Beach,support@rcboca.com,https://airbitz.co/biz/6532,yes,6532,9/3/2015 15:30:58,9/3/2015 15:31:29,5b6a86c566,
9784bba18c91b653ce88b4c605b7ce90,1,0,,,,,,,,ProAdicta Escape Ambulatorium,http://proadicta.ch/,41627216161,8 Staudenrainweg,Schöftland,info@proadicta.ch,https://airbitz.co/biz/351,yes,351,9/3/2015 15:33:28,9/3/2015 15:33:48,a5965a76a5,
217cc9171863752d7904d75652f4574b,1,0,,,,,,,,Ripio,https://www.ripio.com,,,,support@ripio.com,https://airbitz.co/biz/8319,yes,8319,9/3/2015 15:34:01,9/3/2015 15:34:12,f8f6d9842a,
3a26b5242924090de9e75c8e5418485a,1,1,,,,,,,,Stretch,http://stretchvancouver.com/,1-778-819-6488,180 E Pender St,Vancouver,info@stretchvancouver.com,https://airbitz.co/biz/9208,yes,9208,9/3/2015 15:39:28,9/3/2015 15:40:06,9bc9a9446a,
b28bfd05cd0f3b56fb3094362426e4f3,1,1,,,801.341.9092,379 N University Ave #301,,,,Coding Campus,http://codingcamp.us/,425-446-1197,379 N University Ave Ste 301,Provo,info@codingcamp.us,https://airbitz.co/biz/5391,yes,5391,9/3/2015 15:42:27,9/3/2015 15:47:09,df807d3dc8,
43a0ae6d9ba577c2fcc0f003a6726380,1,0,,,,,,,,Bonanza Coins - Gold & Jewelry Buyers,http://www.juliancoin.com,301-585-1480,940 Wayne Ave,Silver Spring,julian@juliancoin.com,https://airbitz.co/biz/6267,yes,6267,9/3/2015 15:48:17,9/3/2015 15:48:35,13d1d70fd5,
7f7964f332eb05f2884509ea853d9ff7,1,0,,,,,,,,Overhaulics,http://overhaulics.com/,720-979-6697,,Broomfield,kyle@overhaulics.com,https://airbitz.co/biz/7551,yes,7551,9/3/2015 15:49:36,9/3/2015 15:49:49,805e4b7944,
f898bee09498e682d1459979464347f2,1,0,,,,,,,,Eye Center of La Jolla,http://eyecenteroflajolla.com/,858-457-2220,9834 Genesee Ave Ste 209,San Diego,dralborzian@eyecenteroflajolla.com,https://airbitz.co/biz/9564,yes,9564,9/3/2015 15:56:35,9/3/2015 15:56:50,5e0112161f,
155169dfd57ee61d313117ddf3e06a85,1,1,,,,,,,,Malefitz,http://malefitz.at/,436509429588,Meidlinger Markt Stand 37-40,Vienna,fitz@malefitz.at,https://airbitz.co/biz/8359,yes,8359,9/3/2015 16:03:23,9/3/2015 16:04:21,34a9219d37,
6d346f1b33013a8ec3f39c9dd46fc52b,1,0,,,,,,,,WebStudios,http://webstudios.com.ar/,5493516657675,,Rio Ceballos,info@webstudios.com.ar,https://airbitz.co/biz/1700,yes,1700,9/3/2015 16:08:16,9/3/2015 16:08:32,957f5191b8,
e51ab49d9538eb808bb70e5fadf29e27,1,0,,,,,,,,Accent Savvy,http://www.accentsavvy.com/,1-800-489-8130,,Chicago,cbutler@accentsavvy.com,https://airbitz.co/biz/8206,yes,8206,9/3/2015 16:08:49,9/3/2015 16:09:01,ab86d9c75c,
405855d378246843f32482e50a6e1d26,1,0,,,,,,,,Boulder Salt,http://www.bouldersaltcompany.com,720-402-1021,,Longmont,,https://airbitz.co/biz/7627,yes,7627,9/3/2015 16:16:33,9/3/2015 16:17:12,85044dab9e,
d733483528da13ec48929f80078c4dec,1,0,,,,,,,,SolVPS,https://www.solvps.com/,,468 N Camden Dr Ste 200A,Beverly Hills,contact@solvps.com,https://airbitz.co/biz/7341,yes,7341,9/3/2015 16:19:10,9/3/2015 16:19:23,38d39e1b8f,
19de0a87180e24d386d97f79bb3d1341,1,1,,,,,,hiattautosales@hotmail.com,I happened to notice a little message that indicated a 10% discount for using BTC. I don't know if that was something actually being advertised for us but unfortunately I cannot offer such a discount at this point in time.,Hiatt Auto Sales,http://www.hiattautosales.com/,707-546-1782,603 Santa Rosa Ave,Santa Rosa,john@hiattautosales.com,https://airbitz.co/biz/8144,yes,8144,9/3/2015 16:20:36,9/3/2015 16:24:22,d8e136cd57,
97b2b0fe5139e6bc082b6e4fcea3ebb1,1,1,La Belle Époque,http://www.labelleepoque.de,,,,info@labelleepoque.de,,Antik Mainz La Belle Epoque,http://www.antiquitaeten-mainz.de/,49613185888,Wormser Straße 153,Mainz,kontakt@antiquitaeten-mainz.de,https://airbitz.co/biz/939,yes,939,9/3/2015 16:27:40,9/3/2015 16:29:02,057a949982,
4aac673e5cec695a2b6c8d00bb5b7c7a,1,1,,,,,Seattle & Eastside,,,Livingood Inspection Services,,206-251-3009,,Seattle,todd_livingood@yahoo.com,https://airbitz.co/biz/5686,yes,5686,9/3/2015 16:33:47,9/3/2015 16:35:24,4b0b351a74,
40bd21172fb2daa0cf2e1241766e5cad,1,1,,,,,,,,AniChe Cellars,http://AniCheCellars.com,360-624-6531,71 Little Buck Creek Rd,Underwood,info@anichecellars.com,https://airbitz.co/biz/5287,yes,5287,9/3/2015 16:37:07,9/3/2015 16:39:46,a74c9e12ee,
8be0e4d2252088f152ce4e86c8c29ab0,1,0,,,,,,,,Fortress Geek,http://fortressgeek.com/,18888051737,61 W 7th Ave,Vancouver,support@fortressgeek.com,https://airbitz.co/biz/6008,yes,6008,9/3/2015 16:43:47,9/3/2015 16:44:05,ab3534b951,
8d26c084040446cfb02cf55e77f3beed,1,1,,,,,,,,Mission Market Express,http://www.mission-market.net/,714-385-5101,2626 E Katella Ave,Anaheim,roland@mission-market.net,https://airbitz.co/biz/8963,yes,8963,9/3/2015 16:44:19,9/3/2015 16:46:02,6f4d9715f5,
58e8e7542c226799c9ca73d7f3ad4b9b,1,1,,,,,,,,Olde Tyme Candy Shoppe,http://oldetymecandyshoppe.com,4036789311,717 Main St,Canmore,oldetymecandyshoppe@gmail.com,https://airbitz.co/biz/5995,yes,5995,9/3/2015 16:55:27,9/3/2015 16:56:14,f9de247b4c,
6fc7a70c37c1db5c59a35c86d8522944,1,0,,,,,,,,KCD Public Relations,http://www.kcdpr.com/,619-955-7759,610 West Ave St Ste 901,San Diego,info@kcdpr.com,https://airbitz.co/biz/8320,yes,8320,9/3/2015 17:03:11,9/3/2015 17:03:38,042664aff6,
30f88240026827296fba0c3f7923a8f4,1,0,,,,,,,,Winston Wong Visuals,http://winstonwong.com,604-366-8878,,Vancouver,info@winstonwong.com,https://airbitz.co/biz/8064,yes,8064,9/3/2015 17:05:16,9/3/2015 17:05:36,9ff005904d,
ec3ec735a048d0b45f199b151cc505f1,1,0,,,,,,,,Renova Pele,http://www.renovapele.com.br/,44970884,2598 Av. Nove de Julho,Jundiaí,gnmrocha@hotmail.com,https://airbitz.co/biz/9269,yes,9269,9/3/2015 17:09:35,9/3/2015 17:09:46,2d07ef0c4d,
6c41283e6a93b90504685d7a7b7d9413,1,0,,,,,,,,Raven Office Centers,http://ravenios.com/,415-837-3201,388 Market St Ste 1300,San Francisco,leasing@ravenios.com,https://airbitz.co/biz/5652,yes,5652,9/3/2015 17:07:49,9/3/2015 17:10:43,6e593584dd,
2cfa6b593c94f7eb74f9dd781bb6c7af,1,0,,,,,,,,Bitcoin Seedstore,http://www.bitcoinseedstore.com/,4407814758861,St John St,London,mail@bitcoinseedstore.com,https://airbitz.co/biz/6996,yes,6996,9/3/2015 17:33:49,9/3/2015 17:34:05,10d2f27c5d,
01f0cbb3c367da8ea0941d8fdfd1d66a,1,0,,,,,,,,itBit,https://www.itbit.com,,1 Robinson Rd,Singapore,help@itbit.com,https://airbitz.co/biz/6826,yes,6826,9/3/2015 17:41:18,9/3/2015 17:41:57,48b5aef411,
222209ff6d69fe7de1872ad3a5f43a58,1,1,,http://codingcamp.us,801.8222561,,,,How do we update the logo/description?,Coding Campus,http://codingcamp.us/,425-446-1197,379 N University Ave Ste 301,Provo,info@codingcamp.us,https://airbitz.co/biz/5391,yes,5391,9/3/2015 17:57:43,9/3/2015 17:58:49,8ae8dff204,
5e786f9aa4c74065a738e0461e748e0e,1,0,,,,,,,,San Francisco Natural Medicine,http://www.sanfrancisconaturalmedicine.com/,415-643-6600,1615 20th St,San Francisco,michele@SFnatmed.com,https://airbitz.co/biz/8676,yes,8676,9/3/2015 18:04:27,9/3/2015 18:05:06,c02e91463b,
0afbe011d42647c4c85d98b5628b59fb,1,1,,,,6900 College Blvd Suite 680,Overland Park,,,Menufy,http://menufy.com/,913-735-3583,"1310 N. 78th Terrace, #12835",Kansas City,info@menufy.com,https://airbitz.co/biz/4985,yes,4985,9/3/2015 18:03:39,9/3/2015 18:05:14,37494fd20a,
da0e15bca5ef4e60c5156e93bdf96039,1,1,,,,Luxembourg,Luxembourg,,,HolyTransaction,https://holytransaction.com/,415-625-3497,440 N Wolfe Rd,Sunnyvale,support@holytransaction.com,https://airbitz.co/biz/6590,yes,6590,9/3/2015 18:06:31,9/3/2015 18:07:47,3178a0dc4a,
bf254ef1b299b5c910732e113b1d67bd,1,1,Cobalt.io,https://cobalt.io,+1 415 651 7028,"350 Brannan Street, suite 330",,hello@cobalt.io,,Crowd Curity,https://www.crowdcurity.com/,,,San Francisco,info@crowdcurity.com,https://airbitz.co/biz/6452,yes,6452,9/3/2015 18:10:27,9/3/2015 18:12:11,2e14991771,
2d9f910813ed8fa2a94745f9159ee8d0,1,1,,,,,,,,Art of Chris Brett,http://www.chrisbrett.ca/,,,Vancouver,ArtofChrisBrett@gmail.com,https://airbitz.co/biz/4658,yes,4658,9/3/2015 18:17:43,9/3/2015 18:18:17,1e195dfc64,
60784a86c33f352877c243c874ce390a,1,0,,,,,,,,Eric The Sculptor,http://ericthesculptor.blogspot.com/,925 336-6462,,Dublin,EricHaggin@gmail.com,https://airbitz.co/biz/3844,yes,3844,9/3/2015 18:19:30,9/3/2015 18:19:45,346f92588f,
22bb76830a59e678ac16e38319afdfca,1,1,,,,,La Jolla,,city and zip code needed updating,Eye Center of La Jolla,http://eyecenteroflajolla.com/,858-457-2220,9834 Genesee Ave Ste 209,San Diego,dralborzian@eyecenteroflajolla.com,https://airbitz.co/biz/9564,yes,9564,9/3/2015 18:19:38,9/3/2015 18:20:32,3353ed234d,
4694bb63bef4be9ee3adb7947dc2f5d6,1,1,,,,,,,,Ohio Insurance Solutions,http://ohiois.com/,937-688-1706,255 Regency Ridge Dr,Dayton,service@ohiois.com,https://airbitz.co/biz/7203,yes,7203,9/3/2015 18:32:22,9/3/2015 18:32:57,e159d238e9,
3873078fd4815808eb0d84fe6fcc0567,1,1,DSM Depoisito San Martín,http://dsmhierros.com.ar/,542323492446,770 San Martín,Capilla del Señor,ventas@hierrosdsm.com.ar,,DSM Depoisito San Martin,http://dsmhierros.com.ar/,542323492446,770 San Martín,Capilla del Señor,ventas@hierrosdsm.com.ar,https://airbitz.co/biz/6513,yes,6513,9/3/2015 18:31:34,9/3/2015 18:33:03,9a1ed8da31,
93d6ef002008e1ea2f9aafbee1812654,1,1,,,,,,,,Spare Key,http://www.sparekey.org/,952-406-8872,2021 E Hennepin Ave Ste 475,Minneapolis,erich@sparekey.org,https://airbitz.co/biz/5154,yes,5154,9/3/2015 18:42:22,9/3/2015 18:42:51,bacc9c1122,
172d866bd644a48f700004ec75696c54,1,0,,,,,,,,Anti Domingo,http://www.facebook.com/antidomingo,541145415214,4802-4900 Pinto,Buenos Aires,info@antidomingo.com.ar,https://airbitz.co/biz/190,yes,190,9/3/2015 18:52:16,9/3/2015 18:56:17,e16286c839,
01c0ba5c23cc05a6a5f3b0520e0c7463,1,0,,,,,,,,Noble House Suites,http://www.noblehousesuites.com/,1-250-444-7041,8780 Riverside Dr,Grand Forks,noblehousesweetsuites@gmail.com,https://airbitz.co/biz/7407,yes,7407,9/3/2015 18:57:22,9/3/2015 18:57:38,e4b9c364c3,
a84868fc99d37a12f3a1161b1f9e5da0,1,0,,,,,,,,The Bike Station,http://thebikestation.net/,866-475-3629,504 E 3rd St,Damascus,regsanman@keemail.me,https://airbitz.co/biz/10156,yes,10156,9/3/2015 19:59:04,9/3/2015 19:59:39,f3740d6451,
fd82e6cee3c59648facda15740ef95b0,1,0,,,,,,,,YABTCL,https://yabtcl.com/,,530 Central Avenue,,yabtcl@yabtcl.com,https://airbitz.co/biz/6981,yes,6981,9/3/2015 20:12:39,9/3/2015 20:13:01,922916385c,
7624250268df2d9cc5369adac73f5627,1,1,www.maoriboy.com,http://www.maoriboy.com,+94 9 438 5041,"18 Hewlett Street, Suite 2",Whangarei,info@maoriboy.com,,Bitcoin for Maori Boy Glass,http://bitcoin.maoriboy.com/index.php?route=common/home,,,Whangarei,monty@maoriboy.com,https://airbitz.co/biz/9320,yes,9320,9/3/2015 20:57:58,9/3/2015 20:59:52,3492242558,
bc2d37ae2413372a911a61e0826b2e08,1,1,,,877-477-1084,,,,,Veldt Gold,http://veldtgold.com/,877-576-7342,5002 Santa Fe St,San Diego,info@veldtgold.com,https://airbitz.co/biz/10200,yes,10200,9/3/2015 21:08:16,9/3/2015 21:09:14,c9b08e56aa,
ef9a4c6b14c85a4079d5d75dbfb13e1a,1,0,,,,,,,,Lori's Locker,http://www.lorislocker.com,416-300-8800,300 New Toronto St,Toronto,Forsale@lorislocker.com,https://airbitz.co/biz/9907,yes,9907,9/3/2015 21:24:03,9/3/2015 21:24:13,cdc81e5c0b,
3094784e803c2d5fb6921ea946856cb8,1,0,,,,,,,,Crispin's,http://www.crispinsnyc.com/,212-586-0988,764 10th Ave,New York,crispinsnyc@gmail.com,https://airbitz.co/biz/6958,yes,6958,9/3/2015 21:43:51,9/3/2015 21:44:29,a371268856,
c670a1a7aa1833fc971281345e7bfc63,1,0,,,,,,,,Superpencil,http://superpencil.com,31652835722,285C Rochussenstraat,Rotterdam,pascal@superpencil.com,https://airbitz.co/biz/6890,yes,6890,9/3/2015 22:14:47,9/3/2015 22:29:38,670ab9d646,
8398fc584c6eefb1f98451e134a9198c,0,,,,,,,,,Mark Strube Sailing,http://www.strubesailing.com/,305-970-5546,,Carlsbad,strube.mark@gmail.com,https://airbitz.co/biz/7448,no,7448,9/3/2015 22:37:50,9/3/2015 22:37:58,8cb945e579,
68d15d6e3d77a9b7caafeff8c2dad54d,1,1,,,,"Suite 504, 365 Lt Collins Street",,,,Coin Loft,https://www.coinloft.com.au/,,,Melbourne,admin@coinloft.com.au,https://airbitz.co/biz/9267,yes,9267,9/3/2015 22:44:28,9/3/2015 22:46:04,adcc04de2d,
fa39c1da671b552f12628475f7c442cb,1,0,,,,,,,,Desert Delight Creations,,213-858-8341,,Lancaster,Bitmortgage@gmail.com,https://airbitz.co/biz/10182,yes,10182,9/3/2015 23:33:55,9/3/2015 23:34:05,2771db4a44,
f8d3b052511f5a2c538ae47057993118,1,1,,,682-463-9286,,,,,Bitcoin ATM,https://sites.google.com/site/kieronbm/home/atm,,5533 E Washington St,Indianapolis,hello+atm@cics.us,https://airbitz.co/biz/9555,yes,9555,9/3/2015 23:39:48,9/3/2015 23:41:06,4f8a385501,
27fcb111c6fbe6493e3780299901ece6,1,0,,,,,,,,Group B Strep International,http://www.groupbstrepinternational.org/,909-620-7214,11 El Dorado Ct,Pomona,info@gbs-intl.org,https://airbitz.co/biz/8395,yes,8395,9/4/2015 0:16:08,9/4/2015 0:16:24,a04cb5a7cd,
31d8690326ccfb5abf28f8da6bb12145,1,0,,,,,,,,Crafty Trout Brewery,http://www.craftytrout.co.nz/,6479298570,135 Tongariro St,Taupo,info@craftytrout.co.nz,https://airbitz.co/biz/6329,yes,6329,9/4/2015 0:40:57,9/4/2015 0:41:16,77034e218e,
ca9f59e33044864e5a1166974a3489a3,1,1,,,,,,,,ChristieHarkin.com,http://www.christieharkin.com/,6472285221,56 Aurora Heights Dr,Aurora,info@christieharkin.com,https://airbitz.co/biz/10229,yes,10229,9/4/2015 0:44:00,9/4/2015 0:45:27,bf8b94ab95,
6331ae19448368cda3b0d09f9ccfe280,1,1,,,28922686,"18/F, CNT Tower, 338 Hennessy Road",Wan Chai,marketing@anxintl.com,,ANXPRO Bitcoin Exchange,http://www.anxpro.com,,Unit 701 7/F The Sun's Group Centre 200 Gloucester Rd,Hong Kong,marketing@anx.hk,https://airbitz.co/biz/3713,yes,3713,9/4/2015 1:51:42,9/4/2015 1:55:34,d3bf4a6b4d,
659e3f10b4a0f259e7d1cbc9f1cbb631,1,1,Käserei Lustnau,,041 830 11 40,Lustnau 8,,,,Kaserei/Molkerei Lustnauaeserei,http://www.kaeserei-lustnau.ch/,418301140,8 Lustnau,Muotathal,info@kaeserei-lustnau.ch,https://airbitz.co/biz/7949,yes,7949,9/4/2015 2:26:46,9/4/2015 2:27:40,0f78ea8e37,
f680f69b8b569e6e2e2bc0108b3e1a9c,1,,,,,,,,,Landmark Bakery,http://landmarkbakery.ca/,250-353-2250,416 Front St,Kaslo,admin@landmarkbakery.ca,https://airbitz.co/biz/6026,no,6026,9/4/2015 2:33:27,9/4/2015 2:34:08,57b941bc33,
d183887dd37d1aa131a1e436465e593b,1,0,,,,,,,,Giuseppe's Pizza,http://www.giuseppespizza.com.au/,59772228,92 Wilsons Rd,Mornington,contact@giuseppespizza.com.au,https://airbitz.co/biz/3675,yes,3675,9/4/2015 3:40:07,9/4/2015 3:40:23,c34fcc7c3b,
489b231e40de74164e7b061f09ee99d1,1,0,,,,,,,,Wolfreign Motors,http://www.wolfreignmotors.com/,510-532-2536,4721 Tidewater Avenue,Oakland,wolfreignmotors@gmail.com,https://airbitz.co/biz/6206,yes,6206,9/4/2015 5:10:30,9/4/2015 5:10:40,12af32b882,
96072011047346235003bd589c1f2c92,1,1,,http://www.oldfitzroy.com.au,,,,,,The Old Fitzroy Hotel,http://oldfitzroy.com.au/,293563848,129-131 Dowling St,Woolloomooloo,manager@oldfitzroy.com.au,https://airbitz.co/biz/437,yes,437,9/4/2015 5:41:57,9/4/2015 5:42:37,3e13f728fa,
fcf2b9a2b37717c1668fb46216a5e8c2,1,0,,,,,,,,JKB Web Solutions,http://www.jkb.com.au/,363110586,,Launceston,jacob@jkb.com.au,https://airbitz.co/biz/8838,yes,8838,9/4/2015 5:48:10,9/4/2015 5:54:12,1c3dbecec0,
fb465c5c5381ab587a8864d256ba4b9a,1,0,,,,,,,,Muziekacademie Den Haag,http://www.muziekacademiedenhaag.nl/,,36 Raamweg,The Hague,info@muziekacademiedenhaag.nl,https://airbitz.co/biz/6669,yes,6669,9/4/2015 6:12:02,9/4/2015 6:12:29,8c4ed63e40,
a3d47077393be8fe2f35a31b19ccf1c6,1,0,,,,,,,,Zmart Part,http://www.zmartpart.com/,4980312908400,19 Klepperstraße,Rosenheim,info@zmartpart.com,https://airbitz.co/biz/5987,yes,5987,9/4/2015 6:53:55,9/4/2015 6:54:07,87744e2551,
7b1be6e6e4ab2c6653e3f7c53467e79e,1,1,,,,,,,,Krust Bakery,http://www.krustbakery.com/,35314054056,George's Street Arcade,Dublin,info@krustbakery.com,https://airbitz.co/biz/9585,yes,9585,9/4/2015 9:34:17,9/4/2015 9:35:01,a41b39f25d,
e997be147138eb9d7f2469f9bc4e7dea,1,1,,,,,London,support@bitfolk.com,,Bitfolk,http://bitfolk.com/,#ERROR!,21 Trevithick Close,Feltham,billing@bitfolk.com,https://airbitz.co/biz/5147,yes,5147,9/4/2015 10:15:35,9/4/2015 10:16:25,c7db393d46,
e8def8729dc87a5766a9e641cca058dc,0,,,,,,,,,101 LED Strips,https://101ledstrips.nl/,31223746010,29 Roompotstraat,Arnhem,info@webmindz.nl,https://airbitz.co/biz/7914,no,7914,9/4/2015 10:22:44,9/4/2015 10:22:50,eed11ded7b,
881b1426352a18c185ac321a47500cc3,1,1,The HAVAIII Co.,,,,,,,HAVAIII Co.,http://havaiii.com/,,1 Am Unterscheid,Bad Wildungen,thepeople@havaiii.com,https://airbitz.co/biz/4993,yes,4993,9/4/2015 12:42:57,9/4/2015 12:43:48,76889e7403,
f0d62f05cdeef7f6066882a21f509dd8,1,1,,,(804) 314-2957,,Mechanicsville,,,Common Spark Media,http://www.CommonSparkMedia.com,804-310-2485,,Glen Allen,Hello@CommonSparkMedia.com,https://airbitz.co/biz/3002,yes,3002,9/4/2015 12:46:14,9/4/2015 12:47:07,e12b4b86cb,
2e199aff1f60c5c1ae62f726fc8f873b,1,0,,,,,,,,Omniio,http://omniio-com.3dcartstores.com/,877-842-5478,2521 Engagement Ct Ste 101,Virginia Beach,admin@omniio.com,https://airbitz.co/biz/6713,yes,6713,9/4/2015 13:49:15,9/4/2015 13:49:22,cd940878b3,
f5cd382df7b0d3f6f549b42ebb25b2d2,1,0,,,,,,,,Omni Circuit Boards,http://www.omnicircuitboards.com/,1-855-798-9717,12760 Bathgate Way Unit 3,Richmond,sales@omnigraph.com,https://airbitz.co/biz/7989,yes,7989,9/4/2015 15:17:42,9/4/2015 15:18:33,e970a8c0e5,
0f2f8f7c24728962e8a318a4e193aa29,1,1,,,602-434-1725,,Phoenix,,,Bitcoin and Cash Rocks,http://bitcoinandcash.rocks/,1-866-855-3811,,,Morpheus@titanians.org,https://airbitz.co/biz/9439,yes,9439,9/4/2015 15:21:15,9/4/2015 15:22:51,a3974812c0,
e2678f4ebc1588ba0dd962c9b8ba0a55,1,0,,,,,,,,Southern Hospitality,http://www.shdenver.com,303-298-5398,1433 17th Street,Denver,info@shdenver.com,https://airbitz.co/biz/5830,yes,5830,9/4/2015 17:18:24,9/4/2015 17:18:40,15e51a2f92,
05e82fb5f6a7daa58fcbbff81ea36c50,1,0,,,,,,,,Better Dental,http://betterdental.com/,919-355-5123,501 N Salem St,Apex,Hello@BetterDental.com,https://airbitz.co/biz/7383,yes,7383,9/4/2015 18:34:32,9/4/2015 18:34:47,e93bead184,
abec00c53032c76a6af411cd4fc02d24,1,1,Kingsway Spine & Muscle,,,,,mail@spinemuscle.ca,,Spine + Muscle,http://spinemuscle.ca/,604-431-6661,3632 Kingsway,Vancouver,Sunhealth.Clinic@gmail.com,https://airbitz.co/biz/5557,yes,5557,9/4/2015 20:06:00,9/4/2015 20:07:03,7f00c0ba43,
0a8b112aaa8706be6c573ad6ce1277b0,1,0,,,,,,,,Black Gator Consulting Inc,http://www.blackgatorconsulting.com,813-394-0123,19101 Cortez Blvd,Brooksville,info@blackgatorconsulting.com,https://airbitz.co/biz/7112,yes,7112,9/4/2015 21:57:49,9/4/2015 21:58:02,65f79f1329,
719cdc2fa1d28b8d1711ed55ce74c790,0,,,,,,,,,Shaw Copper And Brass LLC,http://shawcopperandbrass.com/,502-438-0831,900 E Jefferson St,La Grange,thomasshaw@shawcopperandbrass.com,https://airbitz.co/biz/3068,no,3068,9/4/2015 23:18:12,9/4/2015 23:18:21,a7017d5d1e,
af59615bee6bd70bf43525de0bf83140,1,0,,,,,,,,Spectacular Sound,http://www.spectacularsystem.com,,3191 Leewood Terr L138,Boca Raton,info@spectacularsystem.com,https://airbitz.co/biz/5108,yes,5108,9/5/2015 0:23:26,9/5/2015 0:25:14,baa0dc2db6,
8a332a25655fbd46d90e46623ac44fb7,1,1,,,,,Portland,,,Philip Kolba Counseling,http://philip.kolba.org,503-987-0337,,,philipkolba@gmail.com,https://airbitz.co/biz/6219,yes,6219,9/3/2015 8:46:25,9/5/2015 1:59:48,b7b98e1552,
9edc37e62b9fd1c3e28494333ef065be,1,1,,,,,,,,World Aid,https://worldaid.org,202-684-6783,2020 Pennsylvania Ave NW Ste 300,Washington,info@worldaid.org,https://airbitz.co/biz/8378,yes,8378,9/5/2015 2:15:00,9/5/2015 2:17:54,b0fa6da16f,
79197e2c17e9c09c8f717b68db8444ae,1,1,,,(510) 859-4381,,,,,Machine Intelligence Research Institute,https://intelligence.org,415-997-3030,2030 Addison St,Berkeley,admin@intelligence.org,https://airbitz.co/biz/8399,yes,8399,9/5/2015 2:30:26,9/5/2015 2:31:21,8c5287be82,
0ce2d201e9230aade9a6e003e4ee55d1,1,1,,,,,,,,Great Lakes Bengal Rescue,http://www.greatlakesbengalrescue.com/,502-494-8669,10720 Hite Creek Rd,Louisville,info@greatlakesbengalrescue.com,https://airbitz.co/biz/7011,yes,7011,9/5/2015 3:29:15,9/5/2015 3:29:40,59ef415b55,
2e59f3fa18b58c7c8854ac1db03f38ef,1,0,,,,,,,,,http://www.abitsky.com/,,,,,,,,9/5/2015 12:20:34,9/5/2015 12:20:49,3e8e7792da,
993a980ded0f2d4bf57ad76e9d01bc19,1,1,Deliverypath,,704-408-6186,,Charlotte,,,Delivery Path,https://deliverypath.com/,,,,ben@deliverypath.com,https://airbitz.co/biz/10157,yes,10157,9/5/2015 13:19:48,9/5/2015 13:20:40,5b41dd8242,
28c3d2419493435f92a46ea2b91ab7ca,1,1,,,,Van Hallstraat 52-I,,,,Filmhuis Cavia,http://www.filmhuiscavia.nl/,206811419,52 Van Hallstraat,Amsterdam,info@filmhuiscavia.nl,https://airbitz.co/biz/5192,yes,5192,9/5/2015 13:19:46,9/5/2015 13:20:47,0b72fd4ee4,
e257e3ca9a628d0b5490656dca20f617,1,1,,,,,,,,ProAdicta Escape Ambulatorium,http://proadicta.ch/,41627216161,8 Staudenrainweg,Schöftland,info@proadicta.ch,https://airbitz.co/biz/351,yes,351,9/6/2015 6:18:14,9/6/2015 6:18:33,a5965a76a5,
c2f20bfa0342deaf932d092aaeb3a90d,1,1,,,,"Suite 7, Level 2
 68 - 72 Cameron Street",Launceston TAS 7250,,,Island Hosting,http://www.islandhosting.com.au/,61363110586,,,ihsales@islandhosting.com.au,https://airbitz.co/biz/8840,yes,8840,9/7/2015 1:43:52,9/7/2015 1:45:11,04d925bc6b,
52b569d0d2407b7474e2cd6c859c0b90,1,0,,,,,,,,20cc 20th Century Collectables,http://www.20cc.com.au/,61438223453,29 Centenary Rd,Newcastle,20thcc@gmail.com,https://airbitz.co/biz/8512,yes,8512,9/7/2015 2:33:00,9/7/2015 2:33:20,9f4e78094e,
6048c9a26ebe04168e20674e0719978e,1,1,,http://www.mpctutor.com.au,,Suite 27 / 168 Guildford Road,,scott@mpctutor.com.au,,Perth Academy of Science,http://www.paos.com.au/,894719036,168 Guildford Rd,Maylands,tutor@paos.com.au,https://airbitz.co/biz/759,yes,759,9/7/2015 4:58:11,9/7/2015 5:01:21,e2b82e6600,
a49d22aae87fe067590aa322f18037f5,1,0,,,,,,,,Veeting Room,https://www.veeting.com/en/,41435001182,32 Aegertenstrasse,Zurich,support@veeting.com,https://airbitz.co/biz/7947,yes,7947,9/7/2015 8:27:54,9/7/2015 8:28:11,8a4b0def54,
7e7c5117070b2d36ed36f98f7744f585,0,,,,,,,,,Poyomi,http://www.poyomi.com/,,,,info@poyomi.com,https://airbitz.co/biz/7468,no,7468,9/7/2015 8:37:06,9/7/2015 8:37:14,7efc0ae794,
860f6078c9a6b075a189e4fcbd20369e,1,0,,,,,,,,Moments from the Heart Photography Studio,https://momentsfromtheheart.com,512-850-4530,5524 Bee Caves Rd Ste F1,West Lake Hills,sandy@momentsfromtheheart.com,https://airbitz.co/biz/8124,yes,8124,9/7/2015 13:09:25,9/7/2015 13:09:42,dcbd2afa0f,
c0d634195fcaa300b0ca8246cfa75976,1,0,,,,,,,,Speedy Geek,http://speedygeek.net/,,,,support@speedygeek.net,https://airbitz.co/biz/4952,yes,4952,9/7/2015 13:15:51,9/7/2015 13:16:03,1d2daf4ba0,
80c87502daeb6f9bc8394aec9403aabb,1,0,,,,,,,,Speedygeek Hosting,http://speedygeek.net/,,19 Retort Close,Southend-on-Sea,support@speedygeek.net,https://airbitz.co/biz/5425,yes,5425,9/7/2015 13:16:14,9/7/2015 13:16:20,1d2daf4ba0,
048fa6402d5f1d8e63ed3b5371a65408,0,,,,,,,,,Wicky Design,http://wickydesign.com/,813-480-8499,,Tampa,mark@wickydesign.com,https://airbitz.co/biz/7445,no,7445,9/7/2015 14:45:45,9/7/2015 14:45:54,3c9c37478d,
8cf06c43472e633bb6392374daf7096c,1,0,,,,,,,,Arrowhead Beef,http://arrowheadbeef.com/,850-270-8804,982 Hutchins Ln,Chipley,info@arrowheadbeef.com,https://airbitz.co/biz/5948,yes,5948,9/7/2015 15:04:44,9/7/2015 15:05:16,1dafa7e702,
d9282a0d62aa43bfca4a56de509b1f59,1,1,,,,,,,,Bitkee,http://www.bitkee.com/,732-737-7085,99 Evergreen Street,Hazlet,info@bitkee.com,https://airbitz.co/biz/5810,yes,5810,9/7/2015 16:58:32,9/7/2015 16:59:05,3171673cac,
84920b343ad86412883a93225df69b28,1,0,,,,,,,,Liberty Store,http://www.libertystore.de/,,,Mainhausen,info@libertystore.de,https://airbitz.co/biz/8376,yes,8376,9/7/2015 17:16:51,9/7/2015 17:17:00,8884f31be5,
ff68d7466f7692924e4e5415495d6e62,1,1,,,,,,,,Hill Country Home Improvements,http://hillcountryhomeimprovements.com,512-992-8745,15311 English River Loop,Leander,hchiaustin@gmail.com,https://airbitz.co/biz/1748,yes,1748,9/7/2015 19:37:52,9/7/2015 19:39:11,91966f2742,
614ecc47c3a000b28d51209019cb4757,1,1,,,,,,,,Andy Schroder - Mechanical Engineer,http://andyschroder.com/,859-652-3582,,Fort Mitchell,info@andyschroder.com,https://airbitz.co/biz/4737,yes,4737,9/8/2015 6:44:22,9/8/2015 6:47:41,38f88b2541,
01587b0453dfbc8de06e3110576e2476,1,1,,,,,,,,LEBINGER Klaviertransporte e.U.,http://www.klavier.co.at,4317102406,71 Rennweg,1030 Wien,office@klavier.co.at,https://airbitz.co/biz/2142,yes,2142,9/8/2015 7:51:33,9/8/2015 7:52:08,63d04260af,
ad559cb6fe3b11964aacc7bd01596c3f,1,1,,,,,,,,Hot Box Smoke Shop,http://www.hotbox408.com/,408-244-6851,1111 El Camino Real Ste 3,Santa Clara,HOTBOX408@GMAIL.COM,https://airbitz.co/biz/10216,yes,10216,9/8/2015 14:19:03,9/8/2015 14:20:07,ed3a473250,
59b15b1b9b2ffb5e75682a7295ea87f9,1,1,Bitmymoney.com,http://www.bitmymoney.com/,31702500456,,,,How can I update the logo?,Bitmymoney,http://www.bitmymoney.com,702500456,6 Olof Palmestraat,Delft,support@bitmymoney.com,https://airbitz.co/biz/5329,yes,5329,9/8/2015 14:35:28,9/8/2015 14:36:26,60f3ee3466,
038db0f25070f03b77ea7c7cb638efdd,1,1,,,,PO Box 800,,,Phoenix Metropolitan area pedicab shuttle service,Ecocab,http://www.ecocabusa.com/,602-435-5284,,Tempe,jholt@ecocabusa.com,https://airbitz.co/biz/9578,yes,9578,9/8/2015 19:40:13,9/8/2015 19:43:06,38188b9e8a,